-- phpMyAdmin SQL Dump
-- version 5.1.3
-- https://www.phpmyadmin.net/
--
-- Host: localhost:3306
-- Generation Time: Feb 22, 2023 at 06:19 AM
-- Server version: 10.3.37-MariaDB-0ubuntu0.20.04.1
-- PHP Version: 8.0.27

SET SQL_MODE = "NO_AUTO_VALUE_ON_ZERO";
START TRANSACTION;
SET time_zone = "+00:00";


/*!40101 SET @OLD_CHARACTER_SET_CLIENT=@@CHARACTER_SET_CLIENT */;
/*!40101 SET @OLD_CHARACTER_SET_RESULTS=@@CHARACTER_SET_RESULTS */;
/*!40101 SET @OLD_COLLATION_CONNECTION=@@COLLATION_CONNECTION */;
/*!40101 SET NAMES utf8mb4 */;

--
-- Database: `evoting_db`
--

-- --------------------------------------------------------

--
-- Table structure for table `additionaldata`
--

CREATE TABLE `additionaldata` (
  `idadditionaldata` int(11) NOT NULL,
  `office` varchar(200) NOT NULL,
  `experience` int(11) NOT NULL,
  `profilepic` varchar(500) NOT NULL,
  `birthday` date NOT NULL,
  `married` int(1) NOT NULL,
  `numchildren` int(11) NOT NULL,
  `nic` int(11) NOT NULL,
  `education_level` int(11) NOT NULL DEFAULT 0,
  `monthly_income` double NOT NULL DEFAULT 0,
  `idusers` int(11) NOT NULL,
  `gender` int(11) NOT NULL
) ENGINE=InnoDB DEFAULT CHARSET=utf8 COLLATE=utf8_general_ci;

--
-- Dumping data for table `additionaldata`
--

INSERT INTO `additionaldata` (`idadditionaldata`, `office`, `experience`, `profilepic`, `birthday`, `married`, `numchildren`, `nic`, `education_level`, `monthly_income`, `idusers`, `gender`) VALUES
(1, 'Asquadweb design cq', 12, '', '1992-04-02', 1, 1, 0, 3, 4, 21, 0),
(2, 'test office', 3, '', '2000-09-17', 1, 2, 0, 2, 0, 24, 0),
(3, 'fbdfb', 0, '', '0000-00-00', 0, 4, 0, 1, 0, 27, 0),
(4, 'abc', 1, '', '2022-09-18', 1, 3, 0, 1, 0, 28, 0),
(5, '', 0, '', '0000-00-00', 0, 0, 0, 3, 2, 23, 0),
(6, 'Lanka hospital ', 2, '', '1991-11-06', 1, 2, 0, 4, 3, 38, 0),
(7, 'Teacher', 6, '', '1991-10-30', 1, 3, 0, 2, 1, 37, 1),
(8, '1', 0, '', '0000-00-00', 0, 0, 0, 1, 1, 36, 0),
(9, 'Lanka hospital', 2, '', '1991-11-06', 1, 2, 0, 4, 2, 39, 0),
(10, 'Lanka hospital', 5, '', '1991-11-06', 1, 3, 0, 4, 2, 40, 0),
(11, 'Lanka hospital', 2, '', '1990-11-07', 1, 4, 0, 4, 2, 41, 0),
(12, 'A Squad Web', 5, '', '1992-04-02', 0, 0, 0, 3, 3, 42, 0),
(13, 'A Squad Web', 10, '', '1992-04-02', 1, 2, 0, 3, 3, 43, 1),
(14, 'Lanka hospital', 4, '', '1991-11-09', 1, 4, 0, 3, 2, 44, 0),
(15, 'Lanka hospital 1', 2, '', '1991-11-12', 1, 3, 0, 2, 2, 45, 2),
(16, 'Lanka hospital', 2, '', '1991-11-25', 1, 2, 0, 3, 2, 53, 2),
(17, 'Lanka hospital', 2, '', '1990-11-30', 1, 2, 0, 2, 2, 54, 2),
(18, 'CPSTL', 4, '', '1991-02-17', 1, 1, 0, 3, 3, 55, 2);

-- --------------------------------------------------------

--
-- Table structure for table `comments`
--

CREATE TABLE `comments` (
  `commentid` int(11) NOT NULL,
  `userid` int(11) NOT NULL,
  `pollid` int(11) NOT NULL,
  `comment` varchar(400) NOT NULL
) ENGINE=InnoDB DEFAULT CHARSET=utf8 COLLATE=utf8_general_ci;

--
-- Dumping data for table `comments`
--

INSERT INTO `comments` (`commentid`, `userid`, `pollid`, `comment`) VALUES
(1, 43, 35, 'You need to add trumpet'),
(6, 37, 41, 'banana'),
(7, 37, 41, 'is good'),
(8, 45, 41, 'banana is good'),
(9, 37, 51, 'a2 is selected'),
(10, 37, 51, 'because it is better'),
(11, 45, 51, 'a1'),
(12, 45, 51, 'is'),
(13, 45, 51, 'good'),
(14, 37, 51, 'aaaaaaaaaaaaaaaaaaaaaaaaaaaaaaaaaaaaaaaaaaaaaaaaaaa bbbbbbbbbbbbbbbbbbbbbbbbbbbbbbb cccccccccccccccccccccccccccccccc'),
(15, 37, 51, 'hhtrhrt htrhtr hhthtr ht htrh  rthr 4 t3 gg 4e4g4e ggregerg'),
(16, 37, 52, 'a4 is good'),
(17, 45, 52, 'a3'),
(18, 45, 52, 'is'),
(19, 45, 52, 'good'),
(20, 37, 1, 'answer 44'),
(21, 37, 2, 'red'),
(22, 37, 46, 'admin'),
(23, 37, 46, 'admin'),
(24, 37, 57, 'dfh'),
(25, 37, 58, 'hm'),
(26, 53, 63, 'Take necessary actions to join quickly'),
(27, 53, 65, '5 billion USD	'),
(28, 37, 66, 'Take necessary actions to join quickly'),
(29, 37, 68, '5 billion USD'),
(30, 55, 69, 'Take necessary actions to join quickly');

-- --------------------------------------------------------

--
-- Table structure for table `election`
--

CREATE TABLE `election` (
  `id` int(11) NOT NULL,
  `name` varchar(60) NOT NULL,
  `user_id` int(11) NOT NULL DEFAULT 0,
  `first_name` varchar(70) NOT NULL,
  `expire_date` date NOT NULL,
  `description` varchar(230) NOT NULL,
  `end_status` int(11) NOT NULL DEFAULT 0,
  `verify_key` varchar(120) NOT NULL,
  `status` int(11) NOT NULL DEFAULT 1,
  `approve` int(11) NOT NULL
) ENGINE=MyISAM DEFAULT CHARSET=latin1 COLLATE=latin1_swedish_ci;

--
-- Dumping data for table `election`
--

INSERT INTO `election` (`id`, `name`, `user_id`, `first_name`, `expire_date`, `description`, `end_status`, `verify_key`, `status`, `approve`) VALUES
(1, 'election test 1', 24, 'Janitha', '2022-12-14', 'test description', 1, '7e58bfa2fb8a8c37bde17a088bf1068b12ca66f8c15a09316836a250d8c2bb05', 0, 0),
(2, 'test election100', 24, 'Janitha', '2022-09-21', 'electiondescription100', 1, '6b63c5dcd44d633613caec21c15026d4e2525c492e3f54ddbcd4a46cf6cb7ff3', 1, 0),
(3, 'Test 2', 23, 'Thilina Sameera', '2022-12-15', 'Test 2', 1, 'fbae0c9083b80b38f6e465b764ce483ead9e658ff07ba1eb7d6c0af694c59fd0', 0, 0),
(4, 'Election 2022', 27, 'Dilhan', '2022-11-15', 'Selecting candidates', 1, '81b7581f9ee1e11e2d996fb3cc5a4d3569e1f4f14fd45d2a87c30a742ba33886', 1, 0),
(5, 'Election 2023', 27, 'Dilhan', '2022-11-15', 'Selecting candidates', 1, '45c133414a7bf17ee3e0bffdf83a6dab3a0915f94c20dbc7c5d6d16b26d6e24d', 1, 0),
(6, 'Testing', 28, 'Nimesh', '2022-09-15', 'testing questions', 1, '74f0abba9167cca52835ec892accb7de4a1a03f97a563ac778ebf7bc480f367f', 0, 0),
(7, 'Join with IMF', 27, 'Dilhan', '2022-09-18', 'collecting data', 1, 'a389ddc27222b9ab58531b6bee0e07401d594be6d7dba078e6a1d6633896b720', 1, 0),
(8, 'Election 2024', 27, 'Dilhan', '2022-09-28', 'Selecting candidates', 1, '1b21bdfb24fbbc29d1b12ef625e01e7a443efed066326166fae4666d7ce8ec46', 1, 0),
(9, 'Election 2023', 27, 'Dilhan', '2022-09-25', 'Selecting candidates', 1, 'dab50df265afc476273803a1412b4211781bfa5b8bfd8518d0188ae720a3ccde', 1, 0),
(10, 'testing polll', 27, 'Dilhan', '2022-10-04', 'Selecting candidates', 1, 'cbe32c446325404b72ea9b653efc530c0483b47cbe747f46418502f12e35f0dc', 1, 0),
(11, 'Testing 26/10/2022', 27, 'Dilhan', '2022-11-26', 'testing questions', 1, '9f20adc16987fb34b6751a5b1ca50d0dfcf3b9d6b42e2dbc39f33d0cd3ccdd48', 1, 0),
(12, 'testing polll 26/10/2022 2', 27, 'Dilhan', '2022-12-26', 'testing questions', 1, 'dcc7534a86c2dd4ba88c9932f3a34d9e2e02d559e45e3a26ec13764f9c300702', 1, 0),
(13, 'test poll 4534', 24, 'Janitha', '2022-10-28', 'test description', 1, '39449de06fdbfd719054d6b28d05d58d8c3ca2c902c7befb1e38f4974dda6e68', 1, 0),
(14, 'Best Music Instrument', 35, 'Thilina', '2022-11-24', 'Find best musical instrument', 1, '51a34a14d5e7df22a82ad4708b9a58159b48bef060a270fc1966fd931a4ef70e', 1, 0),
(15, 'testing user poll', 34, 'Nuwan ', '2022-11-05', 'user created poll', 1, '3d6d68a1a637d0a24a0524bb5eaf3c8202a431c9aae8f5004076e11db36672e7', 1, 0),
(16, 'testing poll 11/06/2022', 37, 'Dilhan', '2022-11-06', 'testing questions', 1, '76b34d5681ed2263fa025482348ae9bc5c9ac80e42e10956ccdc6f37a570a2f6', 1, 0),
(17, 'IMF Joining ', 37, 'Dilhan', '2022-11-13', 'Survey for IMF joining', 1, '62191d320c7abfbda0c9cf053ae47ffc09e441ed532776cb146ed97f7e30d692', 1, 0),
(18, 'Highest Mountain', 42, 'Thilina', '2022-11-24', 'Asia Highest Mountains', 1, '9773fc864dd609a2719a0f9f59c38ee488eb7596e0a572fc783eecac61cd6fb6', 1, 0),
(19, 'Test fruite', 43, 'Thilina', '2022-11-25', 'best fruited for eat', 1, '93ada06f8f027771d4ff33082846b9284dfe4bb122aa131ca9a32513fec36306', 1, 0),
(20, 'IMF Joining ', 37, 'Dilhan', '2022-11-20', 'Survey for IMF joining', 1, '94dcc460b63521de442f4251ee0d1509c702c4838ad5195b66fdd32264b5e250', 1, 0),
(21, 'IMF Joining ', 37, 'Dilhan', '2022-11-11', 'Survey for IMF joining', 1, '23c274d6b676e6ab19b34ecae2d2e7bf09c761ceac146c0b8863764cdef8261d', 1, 0),
(22, 'Nimal Perera', 43, 'Thilina', '2022-11-25', 'Mirissa Beach sun set', 1, 'f86c1855c92470d75f56c8b1f48c27e77bc01a4832d89519b2b7b2a50585d7ef', 1, 0),
(23, 'Favorite Questions', 37, 'Dilhan', '2022-11-30', 'Favorite color, pet and bird', 1, 'f4238032330dc5f7e195fffef357d2ce8ed988c2209be105f1d78a10bed5e5e1', 1, 0),
(24, 'Improve economy of the country', 37, 'Dilhan', '2022-11-30', 'Poll for economy improvement', 1, 'c9359bb0166b25997f585faad66d8ade933413f70b69a6961c0e4a97f4b1ec55', 1, 0),
(25, 'sample poll 25/11/2022', 37, 'Dilhan', '2022-11-26', 'testing result sending to voters', 1, 'af34614c21ab89269700fe9af6012308ff6d9e5a90dc51d889f2d89b3e2cf7ae', 1, 0),
(26, 'testing result sending 25/11/2022', 37, 'Dilhan', '2022-12-27', '', 1, '7d1724bb4e23f1ffddb217ef1ba0fcf897ccdcb12f523a8e00ca3014ff312490', 1, 0),
(27, 'testing invitation', 37, 'Dilhan', '2022-11-30', 'testing invitation des', 1, 'f3e8a4f88fc0dbb9327bfc9e687432ee53cd2d23a17d4437a0607d2403785c88', 1, 0),
(28, 'testing result sending when end', 37, 'Dilhan', '2022-11-30', 'testing result sending when end', 1, 'ca75aa91bf404b4bb16e884610d7677f72a14f00b0929921efb2e37e2af466fa', 1, 0),
(29, 'IMF Joining', 37, 'Dilhan', '2022-11-30', 'An opinion poll for IMF joining', 1, '8d3658aed6182290eef106f311e35b70959b01b67e4e0352e2d25f4e6bae2309', 1, 0),
(30, 'IMF Joining ', 37, 'Dilhan', '2022-11-30', 'An opinion poll for IMF joining', 1, '3c657223fccbc907a7daefddccd056f194beb4f2ad269f2e34960e0fc0ab3d3c', 1, 0),
(31, 'Testing approval', 37, 'Dilhan', '2022-11-30', 'Testing admin approval', 1, '72e889a34b320ccf8bbafcf57253063193e5f86ed03d98d0913d21a92b85f117', 1, 0),
(32, 'testing approval', 37, 'Dilhan', '2022-11-30', 'testing approval two', 1, '30a93d5095ded38eaeffcdc14d2382a6be44cee97bf45476c2abd3e9105cb7db', 1, 1),
(33, 'approve new poll', 37, 'Dilhan', '2022-11-30', 'approve', 1, '48af46cceb64e6a26e6a5fa1e1c13bab30cff5e267892cc205c52cb2886801fa', 1, 1),
(34, 'approve now', 54, 'Tharindu', '2022-11-30', 'approve now', 1, '59afaaba193d773ffcdee9564cabeaca290dc38012f88ea537d84fd3c8174886', 1, 0),
(35, 'UCSC ', 54, 'Tharindu', '2022-11-30', 'ucsc', 1, 'd0d7ce776399b8aec711a15459a1893643bc6c5d4bc5992ca9ab9187d95cec54', 1, 0),
(36, 'IMF Joining ', 37, 'Dilhan', '2023-02-28', 'An opinion poll for IMF joining', 1, '72d8ac754dd94bf29c2b16490a3450cb0bbb6afc5149312dc4a5c6128e19e23c', 1, 0);

-- --------------------------------------------------------

--
-- Table structure for table `government_citizen_database`
--

CREATE TABLE `government_citizen_database` (
  `id` int(11) NOT NULL,
  `nic` varchar(20) NOT NULL,
  `name` varchar(100) NOT NULL,
  `city` varchar(150) NOT NULL DEFAULT '''''',
  `death` int(11) NOT NULL DEFAULT 0
) ENGINE=MyISAM DEFAULT CHARSET=latin1 COLLATE=latin1_swedish_ci;

--
-- Dumping data for table `government_citizen_database`
--

INSERT INTO `government_citizen_database` (`id`, `nic`, `name`, `city`, `death`) VALUES
(1, '999222333v', 'test', 'maharagama', 0),
(2, '999222444v', 'test 1', 'colombo', 1),
(3, '999222466v', 'test 3', 'seeduwa', 0),
(4, '912701620v', 'test 4', 'galle', 0),
(5, '912701620x', 'test 5', 'kandy', 0),
(6, '900400500v', 'test 5', 'Negombo', 0),
(7, '912701620a', 'abc', 'kolonnawa', 0),
(8, '912701620b', 'abc', 'benthara', 0),
(9, '912701620c', 'abc', 'ragama', 0),
(10, '912701620d', 'abc', 'borella', 0),
(11, '912701620e', 'abc', 'homagam', 0),
(12, '912701620f', 'abc', 'kotte', 0),
(13, '912701620g', 'abc', 'dehiwala', 0),
(14, '912701620h', 'abc', 'kotuwa', 0),
(15, '912701620i', 'abc', 'kelaniya', 1),
(16, '912701620j', 'abc', 'mathara', 0),
(17, '920932134v', 'Thilina', 'maharagama', 0),
(18, '950932134v', 'Sameera', 'pannipitiya', 0),
(22, '912701620n', 'Randima', 'kolonnawa', 0),
(20, '912701620y', 'Vimuth', 'kolonnawa', 0),
(21, '912701620z', 'Tharindu', 'kolonnawa', 0),
(23, '912701620m', 'Thilantha', 'Kolonnawa', 0);

-- --------------------------------------------------------

--
-- Table structure for table `log`
--

CREATE TABLE `log` (
  `idlog` int(11) NOT NULL,
  `log` varchar(450) DEFAULT NULL,
  `datetime` datetime DEFAULT NULL,
  `users_idusers` int(11) NOT NULL,
  `title` varchar(45) DEFAULT NULL
) ENGINE=InnoDB DEFAULT CHARSET=utf8 COLLATE=utf8_general_ci;

-- --------------------------------------------------------

--
-- Table structure for table `otp_code`
--

CREATE TABLE `otp_code` (
  `id` int(11) NOT NULL,
  `user_id` int(11) NOT NULL,
  `code` int(11) NOT NULL,
  `date_time` datetime NOT NULL DEFAULT current_timestamp(),
  `status` int(11) NOT NULL DEFAULT 1
) ENGINE=MyISAM DEFAULT CHARSET=latin1 COLLATE=latin1_swedish_ci;

--
-- Dumping data for table `otp_code`
--

INSERT INTO `otp_code` (`id`, `user_id`, `code`, `date_time`, `status`) VALUES
(1, 24, 6312, '2022-09-09 11:59:43', 1),
(2, 24, 8969, '2022-09-09 11:59:43', 0),
(3, 24, 6963, '2022-09-09 11:59:43', 1),
(4, 24, 6686, '2022-09-09 11:59:43', 1),
(5, 24, 5787, '2022-09-09 11:59:43', 0),
(6, 24, 3013, '2022-09-09 11:59:43', 0),
(7, 24, 5788, '2022-09-09 11:59:43', 0),
(8, 23, 6864, '2022-09-09 11:59:43', 1),
(9, 24, 8540, '2022-09-09 11:59:43', 1),
(10, 24, 3309, '2022-09-09 11:59:43', 0),
(11, 24, 6509, '2022-09-09 11:59:43', 0),
(12, 26, 9946, '2022-09-09 11:59:43', 0),
(13, 24, 7159, '2022-09-09 11:59:43', 0),
(14, 24, 8315, '2022-09-09 11:59:43', 1),
(15, 27, 8259, '2022-09-09 11:59:43', 0),
(16, 27, 7077, '2022-09-09 11:59:43', 0),
(17, 24, 3399, '2022-09-09 11:59:43', 0),
(18, 27, 7579, '2022-09-09 11:59:43', 0),
(19, 27, 8876, '2022-09-09 11:59:43', 0),
(20, 24, 9559, '2022-09-09 11:59:43', 0),
(21, 24, 7266, '2022-09-09 11:59:43', 0),
(22, 24, 1943, '2022-09-09 11:59:43', 0),
(23, 24, 5273, '2022-09-09 11:59:43', 1),
(24, 27, 5152, '2022-09-09 11:59:43', 0),
(25, 24, 5852, '2022-09-09 11:59:43', 0),
(26, 27, 5219, '2022-09-09 11:59:43', 0),
(27, 24, 6212, '2022-09-09 11:59:43', 0),
(28, 24, 8833, '2022-09-09 11:59:43', 0),
(29, 27, 6425, '2022-09-09 11:59:43', 0),
(30, 23, 9369, '2022-09-09 11:59:43', 0),
(31, 24, 5993, '2022-09-09 11:59:43', 0),
(32, 27, 6893, '2022-09-10 00:41:00', 0),
(33, 23, 4082, '2022-09-10 00:51:27', 0),
(34, 23, 6827, '2022-09-10 08:40:05', 0),
(35, 24, 3644, '2022-09-11 12:55:26', 0),
(36, 24, 5957, '2022-09-11 13:03:55', 0),
(37, 24, 3581, '2022-09-11 13:08:58', 0),
(38, 24, 9886, '2022-09-11 13:20:36', 0),
(39, 23, 8791, '2022-09-11 15:11:46', 0),
(40, 23, 1666, '2022-09-11 23:31:29', 0),
(41, 23, 2829, '2022-09-13 13:09:06', 0),
(42, 23, 1303, '2022-09-14 10:02:13', 0),
(43, 24, 7973, '2022-09-14 10:28:33', 1),
(44, 24, 3588, '2022-09-14 10:28:58', 1),
(45, 24, 1129, '2022-09-14 10:29:38', 1),
(46, 24, 6870, '2022-09-14 10:30:02', 1),
(47, 24, 1880, '2022-09-14 10:30:31', 1),
(48, 24, 5832, '2022-09-14 10:30:52', 0),
(49, 23, 1049, '2022-09-14 13:55:08', 0),
(50, 23, 2722, '2022-09-15 01:08:42', 0),
(51, 27, 7485, '2022-09-15 10:12:09', 0),
(52, 23, 3466, '2022-09-15 11:56:32', 0),
(53, 28, 1326, '2022-09-15 13:41:20', 0),
(54, 27, 1828, '2022-09-15 13:58:24', 0),
(55, 24, 4018, '2022-09-16 07:02:41', 0),
(56, 28, 6451, '2022-09-16 10:24:39', 0),
(57, 28, 5394, '2022-09-16 10:25:11', 1),
(58, 27, 2109, '2022-09-16 10:28:59', 0),
(59, 28, 9735, '2022-09-16 10:34:45', 0),
(60, 24, 3016, '2022-09-17 04:18:56', 1),
(61, 24, 8129, '2022-09-17 04:18:56', 1),
(62, 23, 9456, '2022-09-17 10:21:54', 0),
(63, 24, 2899, '2022-09-17 11:40:26', 0),
(64, 23, 2956, '2022-09-17 12:50:38', 0),
(65, 28, 5652, '2022-09-18 07:59:02', 0),
(66, 23, 2303, '2022-09-18 08:05:57', 0),
(67, 27, 9760, '2022-09-18 08:09:12', 0),
(68, 23, 5006, '2022-09-18 08:18:36', 0),
(69, 28, 7125, '2022-09-18 09:36:02', 0),
(70, 24, 2691, '2022-09-18 10:09:00', 0),
(71, 24, 3825, '2022-09-18 11:08:34', 0),
(72, 26, 9754, '2022-09-18 11:24:28', 0),
(73, 27, 4734, '2022-09-19 10:40:54', 0),
(74, 28, 4836, '2022-09-19 10:44:16', 0),
(75, 28, 9515, '2022-09-19 10:51:32', 1),
(76, 28, 9808, '2022-09-19 11:03:00', 0),
(77, 28, 3009, '2022-09-20 10:29:09', 0),
(78, 27, 6507, '2022-09-20 10:30:02', 0),
(79, 27, 2248, '2022-09-20 22:29:16', 0),
(80, 27, 4113, '2022-09-21 00:23:08', 0),
(81, 27, 2009, '2022-09-21 07:06:41', 0),
(82, 27, 3760, '2022-09-21 09:03:56', 0),
(83, 28, 6422, '2022-09-21 10:06:41', 0),
(84, 28, 1076, '2022-09-21 10:10:16', 1),
(85, 31, 1778, '2022-09-21 10:15:01', 1),
(86, 32, 2625, '2022-09-21 10:17:33', 1),
(87, 32, 1020, '2022-09-21 10:18:17', 0),
(88, 27, 6915, '2022-09-28 10:21:14', 0),
(89, 33, 9194, '2022-09-28 10:36:35', 0),
(90, 27, 9366, '2022-09-28 10:37:49', 0),
(91, 33, 5835, '2022-09-28 10:49:06', 0),
(92, 27, 2038, '2022-09-28 11:08:36', 0),
(93, 27, 1753, '2022-10-01 23:30:25', 0),
(94, 24, 1236, '2022-10-02 06:52:48', 0),
(95, 27, 7845, '2022-10-04 08:16:08', 0),
(96, 34, 9207, '2022-10-04 08:18:57', 0),
(97, 24, 8234, '2022-10-09 06:05:12', 0),
(98, 24, 6233, '2022-10-13 23:00:09', 0),
(99, 24, 7594, '2022-10-14 11:28:08', 0),
(100, 24, 8106, '2022-10-15 00:05:08', 0),
(101, 24, 6304, '2022-10-17 12:40:11', 0),
(102, 27, 5786, '2022-10-18 06:24:15', 0),
(103, 27, 7639, '2022-10-18 08:57:33', 0),
(104, 24, 6981, '2022-10-21 02:59:15', 0),
(105, 24, 7726, '2022-10-21 03:57:01', 0),
(106, 24, 9640, '2022-10-21 04:32:39', 0),
(107, 24, 7794, '2022-10-21 04:34:19', 0),
(108, 24, 8438, '2022-10-21 04:38:34', 0),
(109, 24, 3754, '2022-10-21 04:42:14', 0),
(110, 27, 9474, '2022-10-24 02:06:33', 0),
(111, 27, 6226, '2022-10-24 02:06:50', 1),
(112, 34, 5792, '2022-10-24 02:08:24', 0),
(113, 24, 3830, '2022-10-24 02:25:39', 0),
(114, 24, 2376, '2022-10-24 10:42:23', 0),
(115, 23, 9010, '2022-10-24 11:44:40', 0),
(116, 27, 4187, '2022-10-24 11:49:37', 0),
(117, 27, 6840, '2022-10-24 11:56:03', 0),
(118, 27, 1447, '2022-10-24 11:59:44', 0),
(119, 27, 3176, '2022-10-25 22:40:56', 0),
(120, 24, 2998, '2022-10-26 00:53:44', 0),
(121, 27, 3058, '2022-10-26 05:23:24', 0),
(122, 34, 5566, '2022-10-26 05:41:53', 0),
(123, 23, 6452, '2022-10-26 23:43:56', 0),
(124, 24, 9455, '2022-10-28 09:19:31', 0),
(125, 24, 2873, '2022-10-28 09:58:02', 0),
(126, 24, 9979, '2022-10-28 10:30:39', 0),
(127, 24, 4985, '2022-10-28 11:55:36', 0),
(128, 24, 6708, '2022-10-28 12:19:10', 0),
(129, 23, 5634, '2022-10-29 13:18:57', 0),
(130, 24, 4569, '2022-10-29 22:57:46', 0),
(131, 24, 5101, '2022-10-29 23:04:44', 0),
(132, 24, 4511, '2022-10-30 01:44:20', 0),
(133, 21, 7481, '2022-10-30 02:06:28', 1),
(134, 21, 5456, '2022-10-30 02:07:13', 1),
(135, 21, 8779, '2022-10-30 02:08:24', 1),
(136, 21, 9481, '2022-10-30 02:09:37', 1),
(137, 21, 3063, '2022-10-30 02:12:08', 1),
(138, 21, 7660, '2022-10-30 02:12:41', 1),
(139, 21, 3956, '2022-10-30 02:13:18', 1),
(140, 24, 5320, '2022-10-30 02:18:39', 1),
(141, 24, 2202, '2022-10-30 02:28:17', 1),
(142, 24, 5301, '2022-10-30 02:29:49', 0),
(143, 27, 8006, '2022-10-30 20:42:58', 0),
(144, 34, 6973, '2022-10-30 20:52:34', 0),
(145, 27, 8697, '2022-10-31 09:16:18', 0),
(146, 34, 1223, '2022-10-31 09:33:44', 0),
(147, 27, 4484, '2022-10-31 22:15:13', 0),
(148, 24, 1341, '2022-11-01 11:17:15', 0),
(149, 23, 8305, '2022-11-01 12:15:34', 0),
(150, 28, 7344, '2022-11-02 10:58:00', 1),
(151, 23, 5557, '2022-11-03 02:38:39', 0),
(152, 35, 7169, '2022-11-03 02:42:58', 0),
(153, 23, 2243, '2022-11-03 02:48:20', 0),
(154, 28, 3925, '2022-11-04 11:31:22', 1),
(155, 28, 1254, '2022-11-04 11:32:17', 1),
(156, 34, 5242, '2022-11-04 11:32:47', 0),
(157, 28, 1366, '2022-11-05 00:33:17', 1),
(158, 28, 8567, '2022-11-05 00:34:00', 1),
(159, 34, 1436, '2022-11-05 00:35:07', 0),
(160, 24, 1244, '2022-11-05 07:55:59', 1),
(161, 24, 2636, '2022-11-05 23:00:56', 0),
(162, 21, 2693, '2022-11-05 23:02:32', 1),
(163, 21, 3372, '2022-11-05 23:05:47', 1),
(164, 23, 2847, '2022-11-05 23:08:06', 1),
(165, 23, 7102, '2022-11-05 23:08:21', 0),
(166, 24, 5088, '2022-11-05 23:38:29', 0),
(167, 24, 5056, '2022-11-06 01:13:02', 1),
(168, 24, 4821, '2022-11-06 01:13:45', 1),
(169, 24, 6587, '2022-11-06 01:14:09', 1),
(170, 24, 4529, '2022-11-06 01:16:15', 1),
(171, 24, 7714, '2022-11-06 01:18:15', 0),
(172, 21, 5838, '2022-11-06 01:24:01', 1),
(173, 28, 1605, '2022-11-06 01:00:42', 1),
(174, 34, 4411, '2022-11-06 01:01:15', 1),
(175, 27, 1133, '2022-11-06 01:02:47', 0),
(176, 34, 7480, '2022-11-06 01:17:38', 0),
(177, 27, 6055, '2022-11-06 01:23:37', 0),
(178, 24, 8277, '2022-11-06 01:35:07', 1),
(179, 24, 5066, '2022-11-06 01:35:50', 0),
(180, 24, 5272, '2022-11-06 01:37:22', 0),
(181, 27, 9427, '2022-11-06 01:39:03', 0),
(182, 24, 3130, '2022-11-06 01:39:33', 0),
(183, 27, 4083, '2022-11-06 01:42:11', 0),
(184, 24, 5487, '2022-11-06 01:43:43', 0),
(185, 24, 3509, '2022-11-06 01:44:33', 0),
(186, 24, 9263, '2022-11-06 01:45:32', 1),
(187, 34, 3765, '2022-11-06 01:45:56', 0),
(188, 36, 2294, '2022-11-06 01:48:16', 0),
(189, 37, 8404, '2022-11-06 01:57:42', 0),
(190, 38, 3563, '2022-11-06 02:11:07', 0),
(191, 36, 5812, '2022-11-06 02:21:41', 0),
(192, 37, 3939, '2022-11-06 03:03:10', 0),
(193, 37, 7137, '2022-11-06 03:14:14', 0),
(194, 38, 1948, '2022-11-06 03:15:04', 1),
(195, 38, 8629, '2022-11-06 03:31:30', 0),
(196, 36, 9618, '2022-11-06 03:51:21', 0),
(197, 36, 6919, '2022-11-06 04:23:09', 0),
(198, 38, 6606, '2022-11-06 04:44:44', 0),
(199, 37, 4634, '2022-11-06 04:47:37', 0),
(200, 38, 8503, '2022-11-06 06:32:48', 0),
(201, 39, 6892, '2022-11-06 06:44:40', 0),
(202, 39, 4414, '2022-11-06 06:49:10', 0),
(203, 37, 5931, '2022-11-06 06:52:19', 0),
(204, 39, 1873, '2022-11-06 06:55:16', 0),
(205, 39, 7021, '2022-11-06 06:55:47', 0),
(206, 39, 1558, '2022-11-06 06:56:42', 0),
(207, 39, 7460, '2022-11-06 06:57:21', 0),
(208, 39, 7176, '2022-11-06 06:58:09', 0),
(209, 37, 3738, '2022-11-06 06:59:42', 0),
(210, 39, 7428, '2022-11-06 07:01:08', 0),
(211, 40, 8299, '2022-11-06 07:06:02', 0),
(212, 37, 2178, '2022-11-06 21:34:45', 0),
(213, 37, 3452, '2022-11-06 21:34:46', 1),
(214, 40, 2569, '2022-11-06 22:22:28', 0),
(215, 37, 4012, '2022-11-06 22:24:03', 0),
(216, 37, 3456, '2022-11-06 22:28:12', 0),
(217, 41, 1044, '2022-11-07 00:12:06', 0),
(218, 41, 2984, '2022-11-07 00:18:43', 0),
(219, 41, 8636, '2022-11-07 01:56:11', 0),
(220, 41, 8638, '2022-11-07 01:59:10', 0),
(221, 41, 6728, '2022-11-07 02:00:43', 1),
(222, 41, 9832, '2022-11-07 02:01:19', 1),
(223, 42, 9117, '2022-11-09 05:41:09', 0),
(224, 42, 7442, '2022-11-09 05:48:23', 0),
(225, 42, 3338, '2022-11-09 05:56:09', 0),
(226, 43, 4574, '2022-11-09 06:08:57', 0),
(227, 42, 5258, '2022-11-09 06:12:44', 0),
(228, 43, 8287, '2022-11-09 06:13:19', 0),
(229, 43, 6808, '2022-11-09 06:14:58', 0),
(230, 43, 4818, '2022-11-09 06:16:17', 0),
(231, 43, 2403, '2022-11-09 06:19:59', 0),
(232, 43, 1311, '2022-11-09 06:26:04', 0),
(233, 43, 2502, '2022-11-09 06:30:46', 0),
(234, 43, 6114, '2022-11-09 06:32:12', 0),
(235, 43, 6325, '2022-11-09 08:33:40', 0),
(236, 37, 9599, '2022-11-09 09:56:14', 0),
(237, 43, 5354, '2022-11-09 10:48:46', 0),
(238, 43, 5711, '2022-11-09 11:21:53', 0),
(239, 44, 9691, '2022-11-09 12:50:39', 0),
(240, 37, 4287, '2022-11-09 12:57:04', 0),
(241, 44, 4789, '2022-11-09 13:03:11', 0),
(242, 37, 7662, '2022-11-09 13:21:05', 0),
(243, 37, 8353, '2022-11-09 13:26:37', 0),
(244, 37, 8581, '2022-11-09 13:33:36', 0),
(245, 37, 4675, '2022-11-10 13:33:54', 0),
(246, 45, 3092, '2022-11-10 14:20:58', 0),
(247, 37, 5302, '2022-11-10 14:22:17', 0),
(248, 37, 5554, '2022-11-12 01:44:32', 0),
(249, 42, 3463, '2022-11-12 05:52:04', 0),
(250, 43, 7725, '2022-11-12 05:52:47', 0),
(251, 37, 8771, '2022-11-12 14:35:59', 0),
(252, 45, 6681, '2022-11-12 14:40:51', 0),
(253, 45, 3139, '2022-11-12 15:29:19', 0),
(254, 37, 8233, '2022-11-12 15:34:07', 0),
(255, 45, 4333, '2022-11-12 16:03:11', 0),
(256, 42, 1735, '2022-11-12 16:04:32', 0),
(257, 43, 1225, '2022-11-12 16:05:47', 0),
(258, 45, 6550, '2022-11-12 17:33:02', 0),
(259, 37, 4803, '2022-11-14 01:38:56', 0),
(260, 43, 7799, '2022-11-14 04:52:14', 0),
(261, 43, 2442, '2022-11-14 07:27:14', 0),
(262, 37, 5155, '2022-11-14 15:29:33', 0),
(263, 43, 1613, '2022-11-15 07:51:31', 0),
(264, 37, 3358, '2022-11-15 08:25:08', 0),
(265, 37, 9144, '2022-11-15 10:18:37', 0),
(266, 37, 2650, '2022-11-15 15:41:04', 0),
(267, 43, 7072, '2022-11-15 16:40:12', 0),
(268, 36, 9563, '2022-11-17 06:46:05', 0),
(269, 37, 4831, '2022-11-18 05:03:04', 0),
(270, 36, 8315, '2022-11-18 06:05:04', 0),
(271, 36, 9113, '2022-11-19 04:21:12', 0),
(272, 36, 7380, '2022-11-19 04:23:21', 0),
(273, 36, 7364, '2022-11-19 04:32:46', 0),
(274, 45, 7467, '2022-11-19 05:15:33', 0),
(275, 45, 6417, '2022-11-19 05:16:54', 0),
(276, 37, 1788, '2022-11-19 05:20:38', 0),
(277, 42, 6684, '2022-11-19 05:26:20', 1),
(278, 44, 4100, '2022-11-19 05:27:58', 1),
(279, 37, 8303, '2022-11-19 09:21:50', 0),
(280, 37, 8590, '2022-11-19 13:39:08', 0),
(281, 36, 7076, '2022-11-20 02:36:10', 0),
(282, 37, 3817, '2022-11-20 02:38:32', 0),
(283, 36, 6652, '2022-11-20 02:42:40', 0),
(284, 36, 2893, '2022-11-20 02:43:32', 0),
(285, 37, 2376, '2022-11-20 03:22:37', 0),
(286, 37, 3001, '2022-11-20 11:06:28', 0),
(287, 45, 8904, '2022-11-20 11:08:30', 0),
(288, 43, 8663, '2022-11-20 11:16:56', 0),
(289, 43, 3462, '2022-11-20 11:46:44', 0),
(290, 45, 1925, '2022-11-20 12:38:09', 0),
(291, 37, 3481, '2022-11-20 12:38:27', 0),
(292, 37, 6581, '2022-11-21 09:51:09', 0),
(293, 37, 2034, '2022-11-21 13:24:57', 0),
(294, 36, 3851, '2022-11-21 14:02:18', 0),
(295, 37, 7629, '2022-11-22 05:23:35', 0),
(296, 37, 9521, '2022-11-22 08:46:27', 0),
(297, 37, 7107, '2022-11-22 13:51:24', 0),
(298, 37, 2732, '2022-11-22 15:30:54', 0),
(299, 45, 9058, '2022-11-22 15:31:34', 0),
(300, 37, 1953, '2022-11-23 08:06:44', 0),
(301, 37, 4069, '2022-11-23 12:29:02', 0),
(302, 45, 6531, '2022-11-23 13:21:01', 1),
(303, 45, 2976, '2022-11-23 13:33:46', 1),
(304, 45, 6488, '2022-11-23 13:38:54', 1),
(305, 37, 2962, '2022-11-23 15:00:06', 0),
(306, 37, 3202, '2022-11-24 09:38:03', 0),
(307, 45, 8688, '2022-11-24 14:56:29', 0),
(308, 51, 9728, '2022-11-24 15:17:22', 0),
(309, 51, 4474, '2022-11-24 15:18:13', 0),
(310, 51, 7190, '2022-11-24 15:36:04', 0),
(311, 51, 5367, '2022-11-24 15:36:43', 0),
(312, 51, 7047, '2022-11-24 16:18:29', 1),
(313, 51, 7094, '2022-11-24 16:18:55', 1),
(314, 51, 8715, '2022-11-24 16:19:20', 1),
(315, 42, 9456, '2022-11-24 16:19:40', 0),
(316, 51, 7918, '2022-11-25 04:15:55', 0),
(317, 37, 6233, '2022-11-25 04:19:30', 0),
(318, 51, 5809, '2022-11-25 04:20:19', 0),
(319, 37, 4874, '2022-11-25 04:21:23', 0),
(320, 51, 3395, '2022-11-25 04:49:55', 0),
(321, 51, 6883, '2022-11-25 05:42:47', 0),
(322, 37, 3453, '2022-11-25 06:35:56', 0),
(323, 51, 5641, '2022-11-25 06:53:14', 1),
(324, 51, 4707, '2022-11-25 06:53:37', 0),
(325, 43, 8862, '2022-11-25 06:58:18', 1),
(326, 43, 3898, '2022-11-25 07:00:32', 0),
(327, 37, 8436, '2022-11-25 08:51:29', 0),
(328, 51, 5629, '2022-11-25 10:11:30', 0),
(329, 53, 7906, '2022-11-25 10:58:24', 0),
(330, 37, 3567, '2022-11-25 11:01:04', 0),
(331, 53, 1905, '2022-11-25 11:12:07', 0),
(332, 53, 1631, '2022-11-26 00:43:00', 0),
(333, 37, 5324, '2022-11-26 01:06:16', 0),
(334, 37, 1384, '2022-11-26 01:31:18', 1),
(335, 37, 5178, '2022-11-26 01:32:18', 1),
(336, 37, 8539, '2022-11-26 01:32:43', 0),
(337, 37, 4480, '2022-11-26 04:44:01', 0),
(338, 54, 8123, '2022-11-26 04:48:23', 1),
(339, 54, 4572, '2022-11-26 04:49:15', 0),
(340, 54, 4666, '2022-11-26 04:53:52', 0),
(341, 54, 8858, '2022-11-26 05:15:50', 0),
(342, 54, 4421, '2022-11-26 06:14:29', 0),
(343, 37, 3772, '2023-02-06 03:00:04', 0),
(344, 44, 8411, '2023-02-06 03:47:39', 1),
(345, 37, 1712, '2023-02-17 05:15:26', 0),
(346, 54, 7637, '2023-02-17 05:33:28', 0),
(347, 55, 1708, '2023-02-17 05:34:49', 0),
(348, 55, 3886, '2023-02-17 05:34:58', 1),
(349, 55, 6485, '2023-02-17 06:06:59', 1),
(350, 55, 9667, '2023-02-17 06:07:28', 0);

-- --------------------------------------------------------

--
-- Table structure for table `poll`
--

CREATE TABLE `poll` (
  `id` int(11) NOT NULL,
  `election_id` int(11) NOT NULL DEFAULT 0,
  `name` varchar(60) NOT NULL,
  `user_id` int(11) NOT NULL DEFAULT 0,
  `first_name` varchar(70) NOT NULL,
  `expire_date` date NOT NULL,
  `description` varchar(230) NOT NULL,
  `comment` varchar(450) NOT NULL,
  `verify_key` varchar(120) NOT NULL,
  `status` int(11) NOT NULL DEFAULT 1
) ENGINE=MyISAM DEFAULT CHARSET=latin1 COLLATE=latin1_swedish_ci;

--
-- Dumping data for table `poll`
--

INSERT INTO `poll` (`id`, `election_id`, `name`, `user_id`, `first_name`, `expire_date`, `description`, `comment`, `verify_key`, `status`) VALUES
(1, 1, 'janitha test poll', 24, 'Janitha', '0000-00-00', '', '', '7bd13fd6cbe486e6f7b66aee259cfda9b2e61f661401c5a3096b2208b2d94a70', 1),
(2, 1, 'What is your favorited Color', 24, 'Janitha', '0000-00-00', '', '', '6d0e5146b6e3484fc7724d53e9c09c92f52d5559ec9aa6595807eedea9881fb2', 1),
(3, 0, 'Election 2022', 27, 'Dilhan', '0000-00-00', '', '', '431a9ab7d5fad536fbc5d4b021c685c960afdc80cff7bd69f1de41c7738c3e08', 1),
(4, 0, 'test poll colour', 24, 'Janitha', '2022-09-09', 'test description', '', '7e255a9384511207f7c0bb29661c0590a7255e1d602d83b4cacf845024c64113', 1),
(5, 0, 'Election 2023', 27, 'Dilhan', '2022-09-09', 'Selecting candidates', '', 'dd81d09f7a4a4057e36ce620906c2ef46b858e5cd8dd4544c544c39566a6c3a7', 1),
(6, 0, 'Thilina Abeysinghe', 23, 'Thilina Sameera', '2022-09-09', 'Test by Thilina', '', '1512089d2c505b4ad0b37ea690d276612894f46fbb1e850e7f62e4b9ceda71e8', 1),
(7, 0, 'IMF loan', 27, 'Dilhan', '2022-09-10', 'collecting data', '', '9fc36f1b36da2905b5c0143f2b5002c7abb47234a1762f1b3ae844f462c74278', 1),
(8, 0, 'cat or dog', 23, 'Thilina Sameera', '2022-09-10', 'test', '', '81686012a1991159c1daf817b60cb5a1322c7ff4f617013f143dc546666a7b97', 1),
(9, 0, 'Testing', 27, 'Dilhan', '2022-09-10', 'testing questions', '', 'e3954b2efd8d23c5d0a5aa920a073d23fc6a69ecd88c017616d7040be9638205', 1),
(10, 0, 'Are you traveling abroad', 23, 'Thilina Sameera', '2022-09-10', 'test', '', '4fa57164aca5c9273d366295f7bb63427c2cb3bc55b320da55da44755b8327b8', 1),
(11, 0, 'test q1 for test election', 24, 'Janitha', '0000-00-00', '', '', '1a028bdb5c5570f2a832c155a1c533f2bf25f529e6b48b786bd625201b86fc1b', 1),
(12, 2, 'test poll for election test 1', 24, 'Janitha', '0000-00-00', '', '', 'b4f4bc10e0f79723af4760ac457df681ac3e152c18acf7db8c4b4d34d8905060', 1),
(13, 3, 'Test poll 2', 23, 'Thilina Sameera', '0000-00-00', '', '', '8a17b909e9bd97320457dd102171bb8d2102bbd41a04f678beb0e0058dd09585', 1),
(14, 4, 'Test poll 2022', 27, 'Dilhan', '0000-00-00', '', 'test 11/11', 'f1eddbcf8dd5b8c6fb19f6710bc8080f6ea0355a8e53e1207d2438085437da3d', 1),
(15, 4, 'Test poll 2 2022', 27, 'Dilhan', '0000-00-00', '', '', '05c9ff5cfc35c7a518cf091067215ec132c4f979b43e5b61cb728e0cfa4fa663', 1),
(16, 4, 'test poll 3 2022', 27, 'Dilhan', '0000-00-00', '', '', 'c4fafaacf3853b761cb27435aa8e8728c8f7d023f0c9fb53823e1cec2cb0dc93', 1),
(17, 5, 'Witch month is suitable for the election?', 27, 'Dilhan', '0000-00-00', '', 'test 23/11', 'f1a1757a36b1d4a935fd429f00c16f14a4d726d0f0857191cd037d47452b6cd2', 1),
(18, 5, 'Who is the best candidate?', 27, 'Dilhan', '0000-00-00', '', '', '08c4663905e628a4c064c7490cbf5c3246804c7e9f4db15145a860f871ee332a', 1),
(19, 6, 'testing polll', 28, 'Nimesh', '0000-00-00', '', '', 'ccddc15de6f5920a5a32edd39e5e3a3c831d19871e602b437dc66b6e75519210', 1),
(20, 7, 'Joining with IMF is beneficial? ', 27, 'Dilhan', '0000-00-00', '', '', '9cbb4fb397c40fa3f2f279916bac7aa7e3ba842b6b0726a893e4c25927466bcc', 1),
(21, 7, 'Can we improve economy by joining with IMF?', 27, 'Dilhan', '0000-00-00', '', '', '9bcd6967b6b9052659b5a89ee1fc61b0a8edd3cb0a9834e23c9d1af6d1a4baaa', 1),
(22, 7, 'How much loan do we need?', 27, 'Dilhan', '0000-00-00', '', '', '490c1dcc70e9e1b4eafa850cb1e05720d354a27db1a145a23db4fb1c70e7bc6b', 1),
(23, 8, 'Who is the best candidate?', 27, 'Dilhan', '0000-00-00', '', '', '11178c67343e33005f213179f17a0df8bac2889cb9aef2351ebc0ff05f9ba8cd', 1),
(24, 8, 'Which month is suitable for the election??', 27, 'Dilhan', '0000-00-00', '', '', 'a70e1acb93e41d3f76875409bac24ba6ac597c0793261271509abef5ce12118d', 1),
(25, 9, 'question 1', 27, 'Dilhan', '0000-00-00', '', '', '86a4b3ae454bcf0bf8fd57d37c993280781cb8c34cf41efd66edf62c42538e54', 1),
(26, 9, 'queation 2', 27, 'Dilhan', '0000-00-00', '', '', 'dd9f8332e68e03f748b9c53b825199ad7c6626e621f8c41e37c24a7b9b054d0f', 1),
(27, 10, 'Testing 1', 27, 'Dilhan', '0000-00-00', '', '', 'fb6a16b6e8e35732c6049b524cf5449c8fd211b86060c2d9847d59bc04b92c8c', 1),
(28, 10, 'Testing 2', 27, 'Dilhan', '0000-00-00', '', '', '1905c58bff41638f82098a47eae21915e93b013549744654422bf4984e7644f1', 1),
(29, 11, 'question 1', 27, 'Dilhan', '0000-00-00', '', 'test', '76dd43dbe0ce3f3f434516d4ee7f98efc698f806e04c087c1613829122d93b82', 1),
(30, 11, 'question 2', 27, 'Dilhan', '0000-00-00', '', '', '1d3068466a43c6770eb8436b9e83a81061f6ef8b9f9711df03d8bb1ea7748d67', 1),
(31, 12, 'q 1', 27, 'Dilhan', '0000-00-00', '', 'test com2', 'fd587ed945f10afa0b9062fa9ca605a4a07ab27ba215aecdb3c989163759c818', 1),
(32, 12, 'q2', 27, 'Dilhan', '0000-00-00', '', 'test com1', 'a504aa89464b62e432593b8bcef1d24f451320455eaae5fa787f00fce0370e57', 1),
(33, 13, 'test q 1', 24, 'Janitha', '0000-00-00', '', '', '757e145c2bd95452e1a166802bd609c6f450e9edee092891b3f70bea8f2f147d', 1),
(34, 13, 'q2', 24, 'Janitha', '0000-00-00', '', '', '3755da006832f53a211e3154ea0bd4e4bcb94a6a7dc9f1c9988df3ad3c574e31', 1),
(35, 14, 'Best instrumental ideas', 35, 'Thilina', '0000-00-00', '', 'You need to list Violine', '98bb1bf70df2a238f9916a608e881bf4862dbe1ccedfc51ea303ef0d42f45029', 1),
(36, 16, 'q1', 37, 'Dilhan', '0000-00-00', '', 'This is a sample poll 1', 'a8ee70b27ef4bedf37f8942dbee9a93cb337233f6275475761275bacd3ac490e', 1),
(37, 16, 'q2', 37, 'Dilhan', '0000-00-00', '', 'This is a sample poll 2', '0abfeeef0f1d34a81a2293ff30b2632bf647b22c68793c34de6bebefa3d40a69', 1),
(38, 17, 'Can we improve the economy by joining with IMF?', 37, 'Dilhan', '0000-00-00', '', 'Comment 2 3', '92a86f0f6272214113cf25c6d64bd308456e526b5afa41fb0bd56ba3122ca066', 1),
(39, 17, 'How much loan do we need? ', 37, 'Dilhan', '0000-00-00', '', 'Around 6 billion 2', '18f6c5881a88816354d4b317e134194cd7db787d35e2ee68424b8295201d4c89', 1),
(40, 18, 'What is highest mountain', 42, 'Thilina', '0000-00-00', '', 'It\'s world top', '0a86d9cec8f824a91faca8b8c161382e2d59ab15e5c8ef28ddce052834f96995', 1),
(41, 19, 'fruity island ideas', 43, 'Thilina', '0000-00-00', '', 'banana', '8c4370031229ecdf126d04f8ca7724c9c43b4d03dc9a13208f80704c5d82a266', 1),
(42, 20, 'Can we improve the economy by joining with IMF?', 37, 'Dilhan', '0000-00-00', '', '', '84687a9b286056af5a0e9f960974e702f35ec7049aa200154068d6c6afdcd629', 1),
(43, 20, 'How much loan do we need? ', 37, 'Dilhan', '0000-00-00', '', '', 'a48247e5dd02a06f1bc29ff17a2cc839f800c4e5dfc1b6b65f5cc595a8364d8f', 1),
(44, 21, 'Can we improve the economy by joining with IMF?', 37, 'Dilhan', '0000-00-00', '', '', '4f8dda8f924be722f9832c9210161e8618ee6c7b41ef6b4d663f9e628637341e', 1),
(45, 21, 'How much loan do we need? ', 37, 'Dilhan', '0000-00-00', '', '', '0bfa27eb5964ef91e13f2b9c85fff347e0bffe7faa6fdfe5665ce1561d214188', 1),
(46, 22, 'Test', 43, 'Thilina', '0000-00-00', '', 'admin', 'd19cb8b3cd86b9245e0e4d24da0762b04845d06bcd821f572b52109cba6af2b7', 1),
(47, 17, 'Are there negative impacts if we join?', 37, 'Dilhan', '0000-00-00', '', '', '138ec257916f79c5e8a08f58878f9476277ae541b9e27d1e0726cc73efd1d120', 1),
(48, 23, 'What is your favorite color?', 37, 'Dilhan', '0000-00-00', '', 'red', '08a4c8bd89906c89d57dcb9645af17b7052a6cc178b79c8ed784000921ee5416', 1),
(49, 23, 'Who is your favorite pet? ', 37, 'Dilhan', '0000-00-00', '', 'dog', 'b36763fb68c903c050a65fef9ad0ffbf8f0d83e8461077b9aa59fa7d83d4ac58', 1),
(50, 23, 'Who is your favorite bird?', 37, 'Dilhan', '0000-00-00', '', 'Amazon parrots', '0f9c93f5866e474388a518ff4d06d8cad28911fc422a4c23e5285ae792bd809d', 1),
(51, 19, 'question 2', 37, 'Dilhan', '0000-00-00', '', '', '4e82c2eefac0d156f4e50310d14a6f5a89aa7aa9b115de530f9862e590ab0e2a', 1),
(52, 19, 'question 2', 37, 'Dilhan', '0000-00-00', '', '', '8e3f1e209328ed896d98fe2cd5723c6489dcff0ac86afeda5d202d8dff657d9d', 1),
(53, 24, 'q1', 37, 'Dilhan', '0000-00-00', '', '', '72aa05780b40c28f404fe2af104b73709c7cfc6051f4b33339225b405cc3f4c2', 1),
(54, 24, 'q2', 37, 'Dilhan', '0000-00-00', '', '', '388ca60a5314fb41592859b0d62976411c70434986a28db42bc3fdc6da2b6df4', 1),
(55, 25, 'a1', 37, 'Dilhan', '0000-00-00', '', '', 'aece2cf23d3252aefcb58ce562dc24c046e2d39caa3349b5ae2282f0fdce1294', 1),
(56, 25, 'q2', 37, 'Dilhan', '0000-00-00', '', '', '4a2f00e397e39b04430f5fcf1188e8c2f8923d6e026de7527c39df60c87626e0', 1),
(57, 26, 'q1', 37, 'Dilhan', '0000-00-00', '', '', '0a9d6d3c4f6c12d4c0334461e0916b331e8292ef37c9ca7d448e14ae479658f8', 1),
(58, 26, 'q2', 37, 'Dilhan', '0000-00-00', '', '', 'e531e02d71e207dc011369a9ac5e16c86ee03c6da05f633449a7fb6be5122bcd', 1),
(59, 27, 'q1', 37, 'Dilhan', '0000-00-00', '', '', 'c1dc49209959318f3b80e2d7aa2dc9f1debe2e888c041a9a54e68c719b5ad15c', 1),
(60, 27, 'q2', 37, 'Dilhan', '0000-00-00', '', '', 'd520086dc20c717cc8cca8dfa06b60ebadb246511da5184433e355cd16cc3ca1', 1),
(61, 28, 'qq1', 37, 'Dilhan', '0000-00-00', '', '', 'd67b493ff46caa5feebf79d54d7b5832ab8338cf426827e0a8a2358c5707b957', 1),
(62, 28, 'qq2', 37, 'Dilhan', '0000-00-00', '', '', '500d87cb02067a6055cef74b806402a250f1f80773013336067ab272996122f2', 1),
(63, 29, 'Can we improve the economy by joining with IMF?', 37, 'Dilhan', '0000-00-00', '', '', '567fc1b0eae937b36f15530a9d85d931112ac62b7d7d64638cd6722e32a9fbec', 1),
(64, 29, 'Are there negative impacts if we join? If any comment them.', 37, 'Dilhan', '0000-00-00', '', '', '743c4dd56983cbbb5c05e6a478e0da79eb33fbf5030da89b9b6973005ff4ceb1', 1),
(65, 29, 'How much loan do we need? ', 37, 'Dilhan', '0000-00-00', '', '', 'f0fc0d342a4f2a6d2eb99c8e252978fb08df53cd886e3083c013773348ff4000', 1),
(66, 30, 'Can we improve the economy by joining with IMF?', 37, 'Dilhan', '0000-00-00', '', '', '07176f6904d91e2878643086a6979f5cd3e639bb0445153a60e579a5cd2072cf', 1),
(67, 30, 'Are there negative impacts if we join? If any comment them.', 37, 'Dilhan', '0000-00-00', '', '', '28dfb75698f737ca4f28e37495b11e92fa734cbf9c297b320ba7134465d9f982', 1),
(68, 30, 'How much loan do we need? ', 37, 'Dilhan', '0000-00-00', '', '', '1bd384c3637b8a39c82d8fd81ad1a8d7d9803b161f49b8962bb59689fe122cd2', 1),
(69, 36, 'Can we improve the economy by joining with IMF?', 37, 'Dilhan', '0000-00-00', '', '', 'ee80d84e10772f323456caa31b8d90ab8fb5f53509e5f0708a6852271a57b3fe', 1),
(70, 36, 'Are there negative impacts if we join? If any comment them.', 37, 'Dilhan', '0000-00-00', '', '', 'cb196cc6a534e43850e55ae76b6d12afb9ad33d918000af5f91e8a941153c687', 1);

-- --------------------------------------------------------

--
-- Table structure for table `poll_answers`
--

CREATE TABLE `poll_answers` (
  `id` int(11) NOT NULL,
  `poll_id` int(11) NOT NULL DEFAULT 0,
  `answer` varchar(260) NOT NULL,
  `point_count` int(11) NOT NULL DEFAULT 0,
  `user_id` int(11) NOT NULL DEFAULT 0,
  `first_name` varchar(80) NOT NULL,
  `verify_key` varchar(160) NOT NULL DEFAULT 'dssad34eersfs',
  `status` int(11) NOT NULL DEFAULT 1
) ENGINE=MyISAM DEFAULT CHARSET=latin1 COLLATE=latin1_swedish_ci;

--
-- Dumping data for table `poll_answers`
--

INSERT INTO `poll_answers` (`id`, `poll_id`, `answer`, `point_count`, `user_id`, `first_name`, `verify_key`, `status`) VALUES
(1, 1, 'test answer 1', 1, 24, 'Janitha', 'dssad34eersfs', 1),
(2, 1, 'test answer 2', 2, 24, 'Janitha', 'dssad34eersfs', 1),
(3, 1, 'test answer 3', 1, 24, 'Janitha', 'dssad34eersfs', 1),
(4, 2, 'Red', 3, 24, 'Janitha', 'dssad34eersfs', 1),
(5, 2, 'Blue', 0, 24, 'Janitha', 'dssad34eersfs', 1),
(6, 2, 'Green', 0, 24, 'Janitha', 'dssad34eersfs', 1),
(7, 3, 'Who will win this election?', 0, 27, 'Dilhan', 'dssad34eersfs', 1),
(8, 3, 'Testing ', 1, 27, 'Dilhan', 'dssad34eersfs', 1),
(9, 4, 'test q 1', 0, 24, 'Janitha', 'dssad34eersfs', 1),
(10, 4, 'test 1 ddd', 0, 24, 'Janitha', 'dssad34eersfs', 1),
(11, 4, '', 0, 24, 'Janitha', 'dssad34eersfs', 1),
(12, 5, 'Who will win the election', 0, 27, 'Dilhan', 'dssad34eersfs', 1),
(13, 5, 'Who is the best leader', 1, 27, 'Dilhan', 'dssad34eersfs', 1),
(14, 6, 'Number 1', 0, 23, 'Thilina Sameera', 'dssad34eersfs', 1),
(15, 6, 'Number 2+2', 0, 23, 'Thilina Sameera', 'dssad34eersfs', 1),
(16, 7, 'Is it useful getting IMF loan?', 2, 27, 'Dilhan', 'fb215e00bcb9e81846624d0679a950eefc1242f698462933da1d3e92dde8c279', 1),
(17, 7, 'What is the minimum loan amount required?', 0, 27, 'Dilhan', '5a3e2f0c417ec77536cf22a7e49fb1c6ff7de637095659e0017209908a8f255c', 1),
(18, 8, 'cat', 0, 23, 'Thilina Sameera', 'e046b2e316939a9b29c855351338523e27094c9e4301d95a7303e3ce67f75adb', 1),
(19, 8, 'dog', 1, 23, 'Thilina Sameera', '3b3a7885946ec6228c766cd4ae23aa6a27f57b036ed96472a967c8491400c3d1', 1),
(20, 10, 'yes', 0, 23, 'Thilina Sameera', '7a95a7669ccf7e9d20f3e09498e9e5622119067426178b68cd3315fa87cbe821', 1),
(21, 10, 'no', 1, 23, 'Thilina Sameera', 'dd4eb87fd6d7d4b249a25fd47cc0d656a2682876955f4f67c98cc749de96aac0', 1),
(22, 1, 'test answer 4', 0, 24, 'Janitha', '105ebf7a940dfa58bc65754db4ef46e78ad8f21134e000d63be0276f511b55e2', 1),
(23, 1, 'test answer 10', 1, 24, 'Janitha', '0a8fc03bfb9b38850afe60b3dba8e2e7487aff915900be6b88d3d5a43363ba1e', 1),
(24, 1, 'test answer 11', 0, 24, 'Janitha', 'ce29e6b9bf4c96741b33ed4279f493defd53c4fb5959e8988b3c98ed3c78c0d0', 1),
(25, 1, 'test answer 12', 0, 24, 'Janitha', 'e170232ea1d66fa025e881d85d8c58e5f170ce8f75b740b7dfe55d3df3eddb82', 1),
(26, 1, 'test answer 1222', 0, 24, 'Janitha', 'eef6a447dc1c6148c70fb5fe49209ab01ecf271a427ed94321cadfbc3db065b7', 1),
(27, 1, 'test answer 3', 0, 24, 'Janitha', '7aba228918daccc74c742a23484865e44c65c0e324b70f5c8fe630e6d74be243', 1),
(28, 2, 'test answer 4', 0, 24, 'Janitha', '8c73468602c3fdce4a0c10f2af39a39b3cb6ea7afa9df345546513c5cef6b0fd', 1),
(29, 1, 'test answer 44', 1, 24, 'Janitha', '2291a4d2afaacf54cbbd0d8b45f31c0b451b433491ef7edf6ec022af150de944', 1),
(30, 1, 'test answer 4444', 0, 24, 'Janitha', 'e8913537986e73499b65b8e4612cb622f91aa1a77633f2a60b97c651a26877e2', 1),
(31, 12, 'pol test 1', 1, 24, 'Janitha', '9c72b44c40d78e68ab128ecf6fd864ed643f2038ce379d8fe08ef54c8e9b0a89', 1),
(32, 12, 'poll test 2', 0, 24, 'Janitha', 'ca1d7f65fa87242a87166d3b00f1ce5602b83cdf5679495936bb111027266157', 1),
(33, 13, '2 + 2', 1, 23, 'Thilina Sameera', 'deeba9ba37b99eb1a00cf3a7f774ec883f284a14176587ee07529539547c7d43', 1),
(34, 13, '2 +5 ', 0, 23, 'Thilina Sameera', 'f334bc6525ae84e65b7991f411847c084ce9eb8ee2a4c4ea610b804628742ce0', 1),
(35, 14, 'Who will win the election', 0, 27, 'Dilhan', '5fa8f370b77e089b6b28a932d867143e765807bd6e47eeaf1cd84d95a9a5a7c7', 1),
(36, 15, 'Who will win the election', 0, 27, 'Dilhan', 'fbe79d21f3ce92360b029d781838c98c731ea1aa7b345836f5997d7d5fbdfaa3', 1),
(37, 15, 'Whick month is suitable for the election?', 2, 27, 'Dilhan', 'b327ac15144e9bcc9e3e9f34e2993ce4ce0743ad19ba19d874aff44ff2728397', 1),
(38, 16, 'Who will win the election', 1, 27, 'Dilhan', 'f50385e4ffdda4df513c66d470684d438a3a6ac4c8e8d646ddd5da232ebafb47', 1),
(39, 17, 'January', 3, 27, 'Dilhan', '1e8c5d00c720425f223256e98598c1fe117154768db9168a3e27d04faa9b17b8', 1),
(40, 17, 'July', 1, 27, 'Dilhan', '9e7a65c6888d1a696f29556c7fbb09237be8f8215dcdabc455f331bb492cba17', 1),
(41, 17, 'December', 0, 27, 'Dilhan', 'c3fb74555a10908a750d4eddb353e7d02319d9be96f5f5fceb62d51a815d6fce', 1),
(42, 18, 'Sajith', 1, 27, 'Dilhan', 'd0f011d00caf5b88010ba106e22fcbc8feda9bb688f620a7ab19c76d8504fd1d', 1),
(43, 18, 'Anura', 1, 27, 'Dilhan', '673b3e0a207a0effdae41e8e11185451085918490453bd1afa72c02ae2801fc8', 1),
(44, 18, 'Ranil', 2, 27, 'Dilhan', 'fa5f66eb91c14b77d7616b47827d81dfdf57b18d285aeadd05effd02872dcc91', 1),
(45, 19, 'q1', 1, 28, 'Nimesh', '01cbb848134045bd1a3b140b04ccdce62eb83f7014dd1176868f9894fafa0c8c', 1),
(46, 19, 'q2', 1, 28, 'Nimesh', 'f4dd698f95818edef8df36ed8f761cf3b0309f8f8748e918cc638d0e8b40ee39', 1),
(47, 20, 'Yes', 3, 27, 'Dilhan', '67ca294c2e172362fac68e399466b2c442726d91207813f392c93211e3b0b461', 1),
(48, 20, 'No', 1, 27, 'Dilhan', 'c1ae1e5cc8ac8cab940ea7b106e229e4dc0e98ba85de850662864f1ea43931e5', 1),
(49, 21, 'Yes', 1, 27, 'Dilhan', '0a9646fe3d6f48bd1a697783648c72e37ef4f32f7fdb877cdf7333e887423ad7', 1),
(50, 21, 'No', 1, 27, 'Dilhan', '8633b5c192b583e126bba7a53cc23950b564db29b1b6c48f53a3163e086156a8', 1),
(51, 22, 'Below 3M ', 1, 27, 'Dilhan', '578ef366f014caa06b70cc39c367e606de24a45365c481ed5b9b04d2b45b13a2', 1),
(52, 22, '3M to 6M', 1, 27, 'Dilhan', 'a7dd00c157bb1f7f227d3a00d1d111980154752b4faaf1f98da9bea5358c5d9c', 1),
(53, 22, 'Over 6M', 0, 27, 'Dilhan', '97458e86ba5bf17973e66d59685637b55ff07bbf88eb4c3f3d50f9e0b58b464e', 1),
(54, 23, 'Ranil', 0, 27, 'Dilhan', '77d4c229b828472169ff1d39bb6a165b8b6fe06c8ac6743faef9f3bcb8e958c5', 1),
(55, 23, 'Sajith', 0, 27, 'Dilhan', '18cb6de5d7deb4f5bdb983f134b5cc938a5f5403c2447cc34d004cb024b582ad', 1),
(56, 23, 'Anura', 1, 27, 'Dilhan', '7d848352610ef6f7ac4ac1785ad541cee48459408fbffba84c3e0a357b5aa992', 1),
(57, 24, 'January', 0, 27, 'Dilhan', 'e2c9204f7ee3fc3741f43533c06cd407955d15b867576cdf5f3b587f0db4f430', 1),
(58, 24, 'Febuary', 1, 27, 'Dilhan', '52ee7a01aecd31cf971450de89d06920ca7b54cebf2dc6cb59f6a69ffc1e5a92', 1),
(59, 24, 'March', 0, 27, 'Dilhan', '3b755eda9377803f36ed54c661cac4c283b6ca27a46dd06744fd18b1c26f6112', 1),
(60, 25, 'answer 1', 1, 27, 'Dilhan', 'f427e8a1b5566eb196245752c2f1ecd21fa986efd4f14426cd5e065ad4b82d5d', 1),
(61, 25, 'answer 2', 0, 27, 'Dilhan', '46107b977fb6ef73dd68daadc612f82fc819f76bcdc17fcd1fd227465ab6fb6c', 1),
(62, 25, 'answer 3', 0, 27, 'Dilhan', 'ac4e38974814b86e1e023d5561c074e61fc12365ce1057a5eee14acd47f39950', 1),
(63, 26, 'answer 11', 0, 27, 'Dilhan', '14a3d635aaeb0ee7edd7edd8e6a76485560da6cde6601363171afcbf33f69ad3', 1),
(64, 26, 'answer 22', 1, 27, 'Dilhan', 'd1853a1131f4de6c80d204a045122cee3522b925d01409ef09119ecd8d3facb1', 1),
(65, 27, '1', 0, 27, 'Dilhan', '0af0eb26112240ab4052a99ecde69e985bc2e99c8c42264017872705d5f2b9ab', 1),
(66, 27, '2', 0, 27, 'Dilhan', '44a6667f0970166c6905ab2147541e05c80225997b55f7bcc11a0800f3f327de', 1),
(67, 27, '3', 1, 27, 'Dilhan', 'b8941c5b947ab87bb877493bc6e9e85df4ed6c8f205d04bc6991c51722d737f4', 1),
(68, 28, '11', 1, 27, 'Dilhan', 'a78dc6c4e0d2d84527e37eafc1cf765be9730d05b5ba6bb7b1bda0c48db85d94', 1),
(69, 28, '22', 0, 27, 'Dilhan', '2535fd1b2f4cd0646a58690973ce9b3f77373c173709bac51a083617bf092dd5', 1),
(70, 30, 'answer 1', 1, 27, 'Dilhan', 'a817c51fcbd0612c0e3cebb027b5aec2a6faeb1082e9add6469c60f91ccd8538', 1),
(71, 31, 'a 1', 1, 27, 'Dilhan', '32fa11bdfec36185ea5d3af0868b12f2672afdf2fd495f499440d23c86e6dc58', 1),
(72, 32, 'a1', 2, 27, 'Dilhan', '79e54d456559a6b4f11110b8c58443b27cb188259328ae159450e9a35d33b142', 1),
(73, 32, 'a2', 0, 27, 'Dilhan', '05c4edf17d5ff3a0296e7a6c2edaf98c49c33b7ef8415ccb13eafa07b9d7cb1c', 1),
(74, 33, 'wwwwww', 0, 24, 'Janitha', 'bc41fb4410f08f5dae795f004b93ffd80d24843572952c1c419e9b8c25cbd3b7', 1),
(75, 33, 'eeee', 0, 24, 'Janitha', '11a4c725b7a4ecc33ab0e437c4460970cc629c6216530b69c0ea00db63fb66cb', 1),
(76, 33, 'ccccc', 0, 24, 'Janitha', 'bd6589fe923305511b73cb9430b6879aab5492e0e1bc87488c2faf7cff630f7e', 1),
(77, 34, 'aaa', 0, 24, 'Janitha', 'a9abe237a7efb8c8d543c7909674c4a36960dc44a0f60016f11fc765af8109dd', 1),
(78, 34, 'bbb', 0, 24, 'Janitha', 'f8aaf7dc16a8f48f578ac11a2b65f5b1021c7aad0ffc92cad707b4ab231a4215', 1),
(79, 34, 'ccc', 0, 24, 'Janitha', '4381be84b206f29447d4566d286834e7c352505f3decf35c36ae698d728a8d2e', 1),
(80, 35, 'Flute', 1, 35, 'Thilina', 'f7aa590be6c540c1e327b6fb40fc48fc241504b62708e78ef935f473f4006150', 1),
(81, 35, 'Guitar', 1, 35, 'Thilina', 'da6523a24f402f0284eae855438ee6436114c1351b5f507a9439efecbe9e43e0', 1),
(82, 35, 'Drum', 0, 35, 'Thilina', 'f889d205483fe8c4e318f419bdf724b341d0bedee22ef08d7ddbb019f828710f', 1),
(83, 36, 'a1', 1, 37, 'Dilhan', '6c8f62db8ea5a3821379441954db6d7e53f3b4f3da3c72b2b1ce99ce694317bf', 1),
(84, 36, 'a2', 1, 37, 'Dilhan', '1150e175ba149429227f51b9d826eb3037d8ca4d7e59440bb9ac94a0cb5ddeae', 1),
(85, 37, 'a3', 0, 37, 'Dilhan', '161663a176e370d19509a919d82442b1404d10831935e715776f93f21e846b32', 1),
(86, 37, 'a4', 1, 37, 'Dilhan', '73fedc39bf86de4ffc14e5a1c283af32bbc60c8f0106f606c1d2d3bc73817fb4', 1),
(87, 37, 'a5', 1, 37, 'Dilhan', 'ee37d76bad32ae6d6474fa9b2676798192ae980f357d6c3c035ff5d8f802c18b', 1),
(88, 38, 'Yes', 1, 37, 'Dilhan', 'd55f64ba208cb1ff6183fc3ddcdd0d907c87404be8eb2bb19c0f26f913b22811', 1),
(89, 38, 'No', 2, 37, 'Dilhan', '2c935a4f60c5dded41d3a50af95588adcdc4bfd8df2db17b1165727a9227b9c8', 1),
(90, 38, 'Not Sure', 1, 37, 'Dilhan', 'ace6807011a286d90fb734ecfb38855177cae417fd2107ab57de6c9e87339973', 1),
(91, 39, '2 billion', 2, 37, 'Dilhan', '4d2ac0253034d74a72c4ba75f989fa59dac0164f04f793bfd81e154698d81566', 1),
(92, 39, '4 billion', 1, 37, 'Dilhan', '64809ce6589c2524bf8d8c69e5e9cf11849df1e6947443bde06995f2a3a27433', 1),
(93, 39, 'More than 4 billion', 1, 37, 'Dilhan', '9e73a1b26edf48014dadb983ef8f4a73992ec20b98542fe1406ea8104a03bb49', 1),
(94, 40, 'What is longest river?', 0, 42, 'Thilina', '17ef6827b05a95f10357403f67a3cf2e4515bbe83fc7515e0919ed198cc38a0e', 1),
(95, 40, 'Everest', 3, 42, 'Thilina', '7bcbe248a383a77a812a83ab9b9b004194430747818a4416d534b4fa42c763aa', 1),
(96, 40, 'Pidurutalagala', 0, 42, 'Thilina', '2fa78ea93501c8046ac9a0ec893b5f6b68b35eab9ad84427c448bf75767dcf23', 1),
(97, 40, 'Adams peak', 0, 42, 'Thilina', '89fd44b1b38b187dac689fcf4a69ba29ef303496bc405d98550308c7e64d3261', 1),
(98, 41, 'Apple', 1, 43, 'Thilina', '785caccb07ed1f89a0eafbb05d9370e051327db4cb756bf6ec9721afe4186a9a', 1),
(99, 41, 'Banana', 2, 43, 'Thilina', '507c8fd36583768fc337f9db45d3218933e91bbfdb6dd3ee9a513326debad130', 1),
(100, 41, 'Orange', 0, 43, 'Thilina', '04fdef22771755bc3e38330f63cd1040b81eef0949506c04af0f43b6ed7c1bd6', 1),
(101, 42, 'Yes', 0, 37, 'Dilhan', '9865dce2f7b3958d4979f849916de5b7d47fa7f1fe87b84954fc5381c40eb4c1', 1),
(102, 42, 'No', 1, 37, 'Dilhan', 'd4026579c33121a3f31d95a05b586254e788a7a611ff777ea9034b3266984f33', 1),
(103, 42, 'Not Sure', 0, 37, 'Dilhan', '0b6a0da6e4cc8851d0e84414abead17a6d65e5012530750dbbe22e5e74b4b7d2', 1),
(104, 43, '2 billion', 0, 37, 'Dilhan', '0b052b63eae9b7b46fb71a7c2ed73df78874e16bf7310f3d32ee9e168520a416', 1),
(105, 43, '4 billion', 0, 37, 'Dilhan', 'd73b15df4548f22027dc7528125bb96cfb30dbd95721de5df477eafd9ef81512', 1),
(106, 43, '8 billion', 0, 37, 'Dilhan', 'fed981b919e72508fd0058779a644d427783e240eae186c5b2bf0bdc072bde56', 1),
(107, 44, 'yes', 0, 37, 'Dilhan', '03ffba248e69aa564600509b677011b252bd10f2827a6aedfc1f31bdf39213e6', 1),
(108, 44, 'no', 1, 37, 'Dilhan', 'd875e7653d87e7fe02eb82d694de16b119bb31c0f6155cceeada7f216219ad2c', 1),
(109, 44, 'not sure', 0, 37, 'Dilhan', 'cd814b12d701ed4090d1aa63d8fae9a8825e14ebf112b062961cd6db055c674c', 1),
(110, 45, '2 billion', 0, 37, 'Dilhan', 'ad8c57376b920e2299d883fab0309d7f5a68234199d327c36e4722eb9bd99b7f', 1),
(111, 45, '4 billion', 1, 37, 'Dilhan', 'e48659d16d25c22dccf0a17628c5eb7af5700852d4d111ef190ec7fbfdeee8ba', 1),
(112, 46, 'yes', 1, 43, 'Thilina', '7818dad9dc3298b17331abfcfbddaa8bb93933288235a09d6bbf767ffa65a0ae', 1),
(113, 46, 'no', 1, 43, 'Thilina', 'c3979ffc30e89a05dae3cd31e04b9b8b2f5bb49aca1087f357457ed28b4253bd', 1),
(114, 47, 'Yes', 0, 37, 'Dilhan', '772d2a6e543a1b9ccfcd3c7684479f79d8ecc707ad91183bec8bba6d876802ac', 1),
(115, 47, 'No', 0, 37, 'Dilhan', 'cda69f009ec75cf1d965bfaf298131b555843b172fe5365d27ef19ce6fc50134', 1),
(116, 48, 'Red', 2, 37, 'Dilhan', '1c55ff37fc58d14f551dd29ee1dcd7cd15dfdedf448303ad142f72ff20a258d9', 1),
(117, 48, 'Green', 0, 37, 'Dilhan', 'b7c8f47cb8af2dcf1fc495d9c88455b827e96738a91748529c51972066b06916', 1),
(118, 48, 'Blue', 0, 37, 'Dilhan', '7cde2634ab53b5aa75f74876653dcc1ebe6205219419c203a193ec90e9c4297d', 1),
(119, 49, 'Cat', 0, 37, 'Dilhan', '1773bf12a98d99a868f2252bcc9dcaf9bf9ef0f9f815578ad07b5a2209926d70', 1),
(120, 49, 'Dog', 2, 37, 'Dilhan', '7a543a430280f8445779b42ad96b98df0c896c3718181fea4eb1c454041c16c8', 1),
(121, 50, 'Parrot', 1, 37, 'Dilhan', '26bbe2c24cf8890e696a25ef32a094b37ffadb81b40b44faa7daa78a532a11aa', 1),
(122, 50, 'House sparrow', 0, 37, 'Dilhan', 'c5df5e38a07d6a4d9394d11094b5b54762e6d534da791d48fe1a0d08e264cbc9', 1),
(123, 50, 'Duck', 0, 37, 'Dilhan', '76ff4044bcf8a0784ed36c846b21fc6db33282d1639e753ba827daaaa51bb81c', 1),
(124, 51, 'a1', 1, 37, 'Dilhan', 'b266cc47326ceb9eabb196ea49b103938e706f014ce057cf493d4f66e33d3412', 1),
(125, 51, 'a2', 1, 37, 'Dilhan', '2722e3217dbe33520e9e8b567275533bd92bb8999e7b88d6002d5396c8dbd26c', 1),
(126, 52, 'a3', 1, 37, 'Dilhan', 'ba4482149cda7b5e7a5c0c252c96e23238da7f1bfa32a57e9a45b7a735b59cc7', 1),
(127, 52, 'a4', 1, 37, 'Dilhan', 'ba8b717598408e084d19519c71022ea4c3db3a135af65d6d4501ab53d8e06c41', 1),
(128, 53, 'a1', 1, 37, 'Dilhan', 'ad296f41cac0c8741443a2d24b07f13f2b7b34d577e86d7bb6100dfbff8da9c4', 1),
(129, 53, 'a2', 1, 37, 'Dilhan', '524233ca0ee5583bac8a2c356d676ec30785a0471f20444c621dbd4e9587daef', 1),
(130, 53, 'a3', 0, 37, 'Dilhan', 'fdf05d650d659f628b47195958921dfd0d01cd8b2b25274034a641c5308b9e48', 1),
(131, 54, 'a4', 0, 37, 'Dilhan', 'c629f7ed54488bb2c70d903af3bc3efd0bf6856d9e8aec0a74d05056c558cc4d', 1),
(132, 54, 'a5', 1, 37, 'Dilhan', 'e2ad8063fa1db955ef19b3f639277727052cb195822904b22e232443911b5057', 1),
(133, 54, 'a6', 0, 37, 'Dilhan', '422e22e4d7e53399cbc3fcaad028d22965cea3f15363b1510659e50d2ab27bb6', 1),
(134, 12, '', 0, 37, 'Dilhan', 'd6388de4370d89781d06c79afbde045656ec770110a91335999f8dd5363f0141', 1),
(135, 56, '', 0, 37, 'Dilhan', '980320a3ffcacc21b6ba71c65b10fbe25b18af0d34ef3da8620132e5d78e1f76', 1),
(136, 56, 'aa1', 1, 37, 'Dilhan', 'cb390ea6355be9a79fa9a3c9e6693770eea3eceac54df4f492461fee270707f7', 1),
(137, 56, 'aa2', 0, 37, 'Dilhan', '6a570249396bebeed25790dcb17a2acc2b19bb5de7d4193775ec69ea6ddf56f6', 1),
(138, 55, 'aa3', 1, 37, 'Dilhan', '05f067b968b65083e5bd3561addd981610991278a81468f9d8c5930aa943cb08', 1),
(139, 55, 'aa4', 0, 37, 'Dilhan', '6ebcd63770c9025a49ecec947bc00150279ffa20edfda5e7d76b22656d86600f', 1),
(140, 57, 'a1', 1, 37, 'Dilhan', '2717d65470785a395ecd2cc1ab165700129075827514ba74a4ff139bebd00d4a', 1),
(141, 57, 'a2', 0, 37, 'Dilhan', 'df4493508fabf6f5709a0ff10c7ea864ef662fe0ab61daa72f0ddaa7386c7b54', 1),
(142, 58, 'aa1', 0, 37, 'Dilhan', '1600579df1d21e5ef5ddfba3c3c9ce2a537d23704cec868dd223818fa0b1f323', 1),
(143, 58, 'aa2', 1, 37, 'Dilhan', '616386c4841d280abc38864d94a64e84f9eca6d340b9dd4c99e2a8363fd34770', 1),
(144, 58, 'aa3', 0, 37, 'Dilhan', '2f72e1c40d76322f1c7ce9d1c925ba3d008ee5ec8958474429fc2bef438a3826', 1),
(145, 59, 'a1', 1, 37, 'Dilhan', 'da2b90e21f1981814e69ff409481f745f9e6dd32f046462773e954fbb9873649', 1),
(146, 59, 'a2', 0, 37, 'Dilhan', 'c13c0e939eae2b7e91d84d7871002f736a4371f548eb6a82df3e0a891a1f95e4', 1),
(147, 60, 'a3', 0, 37, 'Dilhan', '235eeee7fce9331c2918a53e5319383aaa5ab3869493f4037dffbc2b36d2bfc8', 1),
(148, 60, 'a2', 1, 37, 'Dilhan', 'abcfd454324afae796f72a4d3cb32c2fb2e167d68afd0fef7a51f38d0a43216e', 1),
(149, 60, 'a3', 0, 37, 'Dilhan', '30402a72cc998782e1833d476715000eed4c57fb00068d796589ce5f01fd4af6', 1),
(150, 61, 'a1', 0, 37, 'Dilhan', '12c3a110de8b69c1a7a9832b3811b1cf04aed0e98c14c86c2e27e9c22dc9992a', 1),
(151, 61, 'a2', 1, 37, 'Dilhan', 'b529aa8b54f3d8b79346383a372294bd2ff76a7ae513b3c79407edaa7845eed3', 1),
(152, 62, 'a3', 1, 37, 'Dilhan', 'ab99ffdfd6b27b675743678b4c9d7672e1c5f2e51071a07575c1a46adc4b0ede', 1),
(153, 62, 'a4', 0, 37, 'Dilhan', 'aeeb30dfed5be7239ad8485379a79030ace6b7aaff4cd61ba5aaf2327e63c690', 1),
(154, 63, 'Yes', 1, 37, 'Dilhan', '6aca502dcc035b4ab3fb4c64bc28d8fdaca359c26a0d12fbde38ac92f5605133', 1),
(155, 63, 'No', 0, 37, 'Dilhan', 'c55376bc41d4130855646df2e890a00d770185f89fb2a13f968ea4e0f43e3ac3', 1),
(156, 63, 'Not Sure', 0, 37, 'Dilhan', 'bd0b9a923dbc77b39f90d4f524b68575a49565a5decd37634a95338312c3ca9c', 1),
(157, 64, 'Yes', 1, 37, 'Dilhan', 'afe7fbf521b064107edbc86111c65fdbb7b8284872cc3c65e66c63ea34ec6200', 1),
(158, 64, 'No', 0, 37, 'Dilhan', '97587556e8edac32c4ec4d69765411793dc7e9d2cd5c2c765d2560032c60b791', 1),
(159, 65, '2 billion USD', 0, 37, 'Dilhan', '3585d907f9739180e35a381f1579660f124a61288c982533e02e29e760d3538d', 1),
(160, 65, '4 billion USD', 0, 37, 'Dilhan', 'ea2db24278cd93481740deb8731a6b6e3cb43c2cc43bb8b9108c19567528fee5', 1),
(161, 65, 'More than 4 billion USD', 1, 37, 'Dilhan', '1fde8ca0a3331f3d975529dd6e377a0c087b315f0e7584e56c2c24c410e99aec', 1),
(162, 66, 'Yes', 1, 37, 'Dilhan', '5e787f0c4fb3a054866c095fad93b5bd248c5a273e058e62d51a31c5d6172ab0', 1),
(163, 66, 'No', 0, 37, 'Dilhan', '77bfcc026c8bf610151e51cae35ce59f17f1aa3210174027b3d34a6c7eeed994', 1),
(164, 66, 'Not Sure', 0, 37, 'Dilhan', '250f421d41f89518a10308dec412bc632455c9f064006eea362da815f94b363d', 1),
(165, 67, 'Yes', 1, 37, 'Dilhan', '30059c947681af54caf3f94de1861a3f59a8d3ae4aa951134c188cb1b8ce808a', 1),
(166, 67, 'No', 0, 37, 'Dilhan', 'abda34ca7a5b7b731ce583f3fdc554e58443c83104ed89863f246fb1fc0b3d34', 1),
(167, 68, '2 billion USD', 0, 37, 'Dilhan', 'af120d0091766758575178d3f1370bb11bd3beba64f6d894e994483e1967add3', 1),
(168, 68, '4 billion USD', 0, 37, 'Dilhan', '3fde3714939bb6b997d27dbc5133cc5ae0ff7d349e070d024f321d48b000b558', 1),
(169, 68, 'More than 4 billion USD', 1, 37, 'Dilhan', '75c7ca4f4352535c8f0939cfd2e432c3314090f85bb2c91eb8f1abc2e483375a', 1),
(170, 69, 'Yes', 1, 37, 'Dilhan', '132fc2e6ba929ceb4c25f39b5cfa7435f80fa3651173e7d0af7ef415e7b75605', 1),
(171, 69, 'No', 0, 37, 'Dilhan', '331f0919fdd6398b4faa4d1e53fade8267c61da2dd16284fa3b58c9b0c9f5e43', 1),
(172, 69, 'Not Sure', 0, 37, 'Dilhan', '82e656d9e95041bff2c59183fc2da841149b7d9b18aba52480fe87e2d8fe7221', 1),
(173, 70, 'Yes', 1, 37, 'Dilhan', '434f4b8faa7ba8496a161822bfd9a0ba2e7e69f01ba2b1a948028e5c25394c30', 1),
(174, 70, 'No', 0, 37, 'Dilhan', '1060fa9635e7c85698d06ca895ad54ccdeeece584838e6404c1aa5d5de0fb787', 1);

-- --------------------------------------------------------

--
-- Table structure for table `users`
--

CREATE TABLE `users` (
  `idusers` int(11) NOT NULL,
  `admin` int(11) NOT NULL DEFAULT 0,
  `superuser` int(11) NOT NULL DEFAULT 0,
  `firstname` varchar(45) DEFAULT NULL,
  `lastname` varchar(45) DEFAULT NULL,
  `nic` varchar(15) DEFAULT NULL,
  `email` varchar(355) DEFAULT NULL,
  `email_valid` int(11) NOT NULL DEFAULT 0,
  `mobilenumber` varchar(11) DEFAULT NULL,
  `address` varchar(500) NOT NULL,
  `city` varchar(100) NOT NULL,
  `profession` varchar(500) NOT NULL,
  `password` varchar(500) NOT NULL,
  `edit_key` varchar(250) NOT NULL,
  `status` int(11) NOT NULL DEFAULT 1
) ENGINE=InnoDB DEFAULT CHARSET=utf8 COLLATE=utf8_general_ci;

--
-- Dumping data for table `users`
--

INSERT INTO `users` (`idusers`, `admin`, `superuser`, `firstname`, `lastname`, `nic`, `email`, `email_valid`, `mobilenumber`, `address`, `city`, `profession`, `password`, `edit_key`, `status`) VALUES
(21, 1, 0, 'Thilina', 'Abeysinghe', '999222333', 'abey@gmail.com', 0, '0115020158', '12 Railway avenue wqq', 'Maharagama', 'web developer', '', '510', 1),
(23, 1, 1, 'Thilina Sameera', 'Abeysinghe', '900400500v', 'thilina@gmail.com', 0, '779798118', '', 'Colombo 1', '', 'sameera', 'ewdfef444', 0),
(24, 1, 1, 'Janitha', 'Jayawardana', '999222466v', 'janitha@techyfish.com', 1, '777202989', 'test address 2', 'Maharagama', 'test profession', 'testPass', 'swsws3e3ss3', 0),
(25, 1, 0, 'test', 'test', NULL, 'tt@tt.com', 0, NULL, '', 'Colombo 4', '', '51e1d77c6a3ef0b85c6ef6b6449806ff77b7a2c412c14ce8f415ce81fb21596b', 'xxwexdwe344cds', 0),
(26, 0, 0, 'test', 'test last', NULL, 'ttt@ttt.mm', 0, '755456789', '', 'Anuradhapura', '', '79aa1f0c14df046b479d59681853672fc7249f2a04241639312a58a6823f9f85', 'hjhj78979h', 0),
(27, 1, 1, 'Dilhan', 'Dahanayake', '912701620x', 'Nimesh900@gmail.com', 0, '0741352896', '', 'Kandy', '', '9a6a9f11d9d954578a8c3840adee04d5d599032ef6bcf8ba8cbf1cc8ed17aebd', 'jkljjghhf56757', 0),
(28, 0, 0, 'Dilhan', 'Dahanayake', '912701620v', 'nimesh900@gmail.com', 0, '0712554711', '31/77', '', '', 'a6cdb82dfaaf7b557d2a6891ce624b0d4ad95c7aecc48e752ac5ecaccac83d6c', '', 0),
(29, 0, 0, 'Dilhan', 'Dahanayake', NULL, 'nimesh900@gmail.com', 0, '0712554714', '', '', '', '9876982dc44bf5acd430f699db4e5e8f90b46a2397819926cabfb6596959f687', '', 0),
(30, 0, 0, 'Dilhan', 'Dahanayake', NULL, 'nimesh900@gmail.com', 0, '0712554715', '', '', '', '3131cef48c46658fbaa115595635f98102c8ef6b64724ac6533b767391523346', '', 0),
(31, 0, 0, 'Dilhan', 'Dahanayake', '', 'nimesh900@gmail.com', 0, '0712554711', '', '', '', 'd2f82b0e063463edb1e0e60bf985394e0ad0f8a811618cc241471309c82e4996', '', 0),
(32, 0, 0, 'Nimal', 'Perera', '', 'nimesh900@gmail.com', 0, '0712554710', '', '', '', '61fd1052aa50baffa745616e7789b8c2e3242bfc9414c9109e92c7bd9c015e55', '', 0),
(33, 0, 0, 'Sarath', 'Rathnayake', '', 'nimesh900@gmail.com', 0, '0712554745', '', '', '', '5bdb86a4439c59174d39f3f29612934f1a70296ec717bdd5a846d9005da95f8c', '', 0),
(34, 0, 0, 'Nuwan ', 'Pradeep', NULL, 'nimesh900@gmail.com', 0, '0712554713', '', '', '', 'fdec6283c3b4cc864bd17ea1d1a674293313dbcb57cdb1c655a75d564f786689', '', 0),
(35, 0, 0, 'Thilina', 'Abeysinghe', NULL, 'thilina.s.abeysinghe@gmail.com', 0, '717699107', '', '', '', '741ab9ed9ceb8fc1e010517180f6e677b02d62ce85b8d67450dd478acb300575', '', 0),
(36, 1, 1, 'Janitha', 'Jayawardana', '999222466v', 'janithae@gmail.com', 1, '777202989', '', 'seeduwa', '', '216ec847700664c36a08d4aa54a36a06021ef3323fa01c2c5d267125ca672c22', '', 1),
(37, 1, 1, 'Dilhan', 'Dahanayake', '912701620x', 'nimesh900@gmail.com', 1, '0741352896', 'kandy road, Paliyagoda', 'kandy', '', '412f0be1c52e78b3b05860a228b900cb28d5a93e3e5a38d3c3eba79ad46a06fc', '', 1),
(38, 0, 0, 'Nuwan', 'Perera', '912701620v', 'nimesh900@gmail.com', 1, '0712554714', 'Galle road', 'Galle', '', '85553da63aefd8f249a6bb2e93e95f6c7c7d946a4effb7c724c41304c9479ccf', '', 0),
(39, 0, 0, 'Dilhan', 'Dahanayake', '912701620v', 'nimesh900@gmail.com', 1, '0712554766', '31/77', 'galle', '', '041956833575bd538c41e8a322a5e3ed29b9a15607bf0af3abff9cee102f8498', '', 0),
(40, 0, 0, 'Dilhan', 'Dahanayake', '912701620v', 'nimesh900@gmail.com', 0, '0712555554', '31/77', 'galle', '', '4a68617c5e5526a95857dd581999415751be7975e9480ed71db4a559db91ea0d', '', 0),
(41, 1, 0, 'Hirantha', 'Ashen', '912701620a', 'nimesh900@gmail.com', 1, '0712558856', 'kolonnawa 123', 'kolonnawa', '', '67506d2223c0024ea258d9a9b286ca1ad378d1819e73996c4c35abb8283847f8', '', 1),
(42, 0, 0, 'Thilina', 'Abeysinghe', '920932134v', 'asquadwebdesign@gmail.com', 0, '779798118', '321 Railway Avenue', 'maharagama', '', '71832cfc293e06ba2830c3ffae6275b5c87273362c7016c33fc54015eaa523a8', '', 1),
(43, 1, 1, 'Thilina', 'Abeysinghe', '950932134v', 'thilina.s.abeysinghe@gmail.com', 1, '717699107', '321 Railway Avenue', 'pannipitiya', '', 'fbbaf8f1afff202eb8cedf0f2b375f1bac878fa748f8b2bcf8237c3da8868ddf', '', 1),
(44, 0, 0, 'Nimal', 'Perera', '912701620b', 'nimesh900@gmail.com', 0, '0712522335', 'benthara 123', 'benthara', '', 'c46ddfd2413a806b3e25c691b6fbab97309429e4bc92eef84adf108c40666412', '', 1),
(45, 0, 0, 'Dilhan', 'Dahanayake', '912701620d', 'nimesh900@gmail.com', 1, '0712554778', 'tyyuygjt', 'borella', '', 'fb22205aa7319b5cd73c036122303ec05e929fbd324dbbc82de6c937faf6d88f', '', 1),
(51, 0, 0, 'Thilantha', 'Darshana', NULL, 'nimesh900@gmail.com', 0, '0712554799', '', '', '', 'd41770d67ff7e16f2481ffe2e28e95c2bd5f3ba07dbb38dca9072166a06276af', '', 1),
(53, 0, 0, 'Thilantha', 'Dharshana', '912701620m', 'nimesh900@gmail.com', 1, '0712565125', 'Kolonnawa 123', 'Kolonnawa', '', '0ad80b6a34e8c243531ec3e3df2150d666c48c8db6202ae28709520f32b99dad', '', 1),
(54, 0, 0, 'Tharindu', 'Bandara', '912701620z', 'nimesh900@gmail.com', 1, '0712554896', 'kolonnawa 123', 'Kolonnawa', '', 'a93734afe6399c904313eec8f67a7f2f795eecff866f0e0d79e3634c1ead8e30', '', 1),
(55, 0, 0, 'prageeth', 'kodikara', '912701620c', 'Nimesh900@gmail.com', 1, '0712554713', 'ragama 123', 'ragama', '', 'aa7e27cf7b96d77e23e512d39f0f49a79fb20d8bd4f8529f00297f1f1697bf65', '', 1);

-- --------------------------------------------------------

--
-- Table structure for table `vote_log`
--

CREATE TABLE `vote_log` (
  `id` int(11) NOT NULL,
  `poll_id` int(11) NOT NULL,
  `answer_id` int(11) NOT NULL,
  `vote` int(11) NOT NULL,
  `user_id` int(11) NOT NULL,
  `first_name` varchar(150) NOT NULL,
  `date_time` timestamp NOT NULL DEFAULT current_timestamp()
) ENGINE=MyISAM DEFAULT CHARSET=latin1 COLLATE=latin1_swedish_ci;

--
-- Dumping data for table `vote_log`
--

INSERT INTO `vote_log` (`id`, `poll_id`, `answer_id`, `vote`, `user_id`, `first_name`, `date_time`) VALUES
(1, 1, 2, 0, 24, 'Janitha', '2022-10-17 16:50:47'),
(2, 1, 2, 1, 24, 'Janitha', '2022-10-17 16:50:47'),
(3, 3, 8, 1, 24, 'Janitha', '2022-10-17 16:50:47'),
(4, 5, 13, 1, 24, 'Janitha', '2022-10-17 16:50:47'),
(5, 2, 4, 1, 24, 'Janitha', '2022-10-17 16:50:47'),
(6, 2, 4, 1, 23, 'Thilina Sameera', '2022-10-17 16:50:47'),
(7, 7, 16, 1, 27, 'Dilhan', '2022-10-17 16:50:47'),
(8, 7, 16, 1, 23, 'Thilina Sameera', '2022-10-17 16:50:47'),
(9, 10, 21, 1, 23, 'Thilina Sameera', '2022-10-17 16:50:47'),
(10, 8, 19, 1, 23, 'Thilina Sameera', '2022-10-17 16:50:47'),
(11, 1, 2, 1, 23, 'Thilina Sameera', '2022-10-17 16:50:47'),
(12, 1, 23, 1, 24, 'Janitha', '2022-10-17 16:50:47'),
(13, 12, 31, 1, 24, 'Janitha', '2022-10-17 16:50:47'),
(14, 13, 33, 1, 23, 'Thilina Sameera', '2022-10-17 16:50:47'),
(15, 19, 45, 1, 28, 'Nimesh', '2022-10-17 16:50:47'),
(16, 15, 37, 1, 28, 'Nimesh', '2022-10-17 16:50:47'),
(17, 16, 38, 1, 28, 'Nimesh', '2022-10-17 16:50:47'),
(18, 19, 46, 1, 24, 'Janitha', '2022-10-17 16:50:47'),
(19, 17, 39, 1, 24, 'Janitha', '2022-10-17 16:50:47'),
(20, 18, 44, 1, 24, 'Janitha', '2022-10-17 16:50:47'),
(21, 17, 39, 1, 28, 'Nimesh', '2022-10-17 16:50:47'),
(22, 18, 43, 1, 28, 'Nimesh', '2022-10-17 16:50:47'),
(23, 17, 40, 1, 27, 'Dilhan', '2022-10-17 16:50:47'),
(24, 18, 42, 1, 27, 'Dilhan', '2022-10-17 16:50:47'),
(25, 17, 39, 1, 23, 'Thilina Sameera', '2022-10-17 16:50:47'),
(26, 18, 44, 1, 23, 'Thilina Sameera', '2022-10-17 16:50:47'),
(27, 20, 47, 1, 28, 'Dilhan', '2022-10-17 16:50:47'),
(28, 21, 49, 1, 28, 'Dilhan', '2022-10-17 16:50:47'),
(29, 22, 52, 1, 28, 'Dilhan', '2022-10-17 16:50:47'),
(30, 20, 48, 1, 27, 'Dilhan', '2022-10-17 16:50:47'),
(31, 20, 47, 1, 26, 'test', '2022-10-17 16:50:47'),
(32, 23, 56, 1, 33, 'Sarath', '2022-10-17 16:50:47'),
(33, 24, 58, 1, 33, 'Sarath', '2022-10-17 16:50:47'),
(34, 25, 60, 1, 27, 'Dilhan', '2022-10-17 16:50:47'),
(35, 26, 64, 1, 27, 'Dilhan', '2022-10-17 16:50:47'),
(36, 27, 67, 1, 34, 'Nuwan ', '2022-10-17 16:50:47'),
(37, 28, 68, 1, 34, 'Nuwan ', '2022-10-17 16:50:47'),
(38, 20, 47, 1, 24, 'Janitha', '2022-10-17 16:50:47'),
(39, 21, 50, 1, 24, 'Janitha', '2022-10-17 16:50:47'),
(40, 22, 51, 1, 24, 'Janitha', '2022-10-17 16:50:47'),
(41, 32, 72, 1, 24, 'Janitha', '2022-10-28 13:31:46'),
(42, 15, 37, 1, 24, 'Janitha', '2022-11-06 04:11:20'),
(43, 36, 83, 1, 38, 'Nuwan', '2022-11-06 10:43:05'),
(44, 37, 86, 1, 38, 'Nuwan', '2022-11-06 10:43:17'),
(45, 36, 84, 1, 37, 'Dilhan', '2022-11-06 10:50:47'),
(46, 37, 87, 1, 37, 'Dilhan', '2022-11-06 10:53:54'),
(47, 35, 81, 1, 41, 'Hirantha', '2022-11-07 06:03:46'),
(48, 38, 88, 1, 41, 'Hirantha', '2022-11-07 06:43:30'),
(49, 39, 93, 1, 41, 'Hirantha', '2022-11-07 06:44:15'),
(50, 35, 80, 1, 42, 'Thilina', '2022-11-09 05:58:33'),
(51, 40, 95, 1, 42, 'Thilina', '2022-11-09 06:05:20'),
(52, 38, 89, 1, 43, 'Thilina', '2022-11-09 11:30:40'),
(53, 39, 91, 1, 43, 'Thilina', '2022-11-09 11:30:50'),
(54, 38, 90, 1, 44, 'Nimal', '2022-11-09 13:04:04'),
(55, 39, 92, 1, 44, 'Nimal', '2022-11-09 13:05:38'),
(56, 44, 108, 1, 37, 'Dilhan', '2022-11-10 14:29:12'),
(57, 45, 111, 1, 37, 'Dilhan', '2022-11-10 14:29:25'),
(58, 38, 89, 1, 45, 'Dilhan', '2022-11-12 17:04:16'),
(59, 39, 91, 1, 45, 'Dilhan', '2022-11-12 17:04:26'),
(60, 48, 116, 1, 37, 'Dilhan', '2022-11-15 10:42:42'),
(61, 49, 120, 1, 37, 'Dilhan', '2022-11-15 10:43:13'),
(62, 50, 121, 1, 37, 'Dilhan', '2022-11-15 10:57:31'),
(63, 30, 70, 1, 36, 'Janitha', '2022-11-18 06:05:39'),
(64, 48, 116, 1, 36, 'Janitha', '2022-11-20 02:43:17'),
(65, 46, 112, 1, 36, 'Janitha', '2022-11-20 02:44:03'),
(66, 42, 102, 1, 36, 'Janitha', '2022-11-20 02:44:18'),
(67, 41, 99, 1, 36, 'Janitha', '2022-11-20 03:00:40'),
(68, 40, 95, 1, 36, 'Janitha', '2022-11-20 03:08:13'),
(69, 40, 95, 1, 36, 'Janitha', '2022-11-20 03:09:04'),
(70, 49, 120, 1, 36, 'Janitha', '2022-11-20 03:10:03'),
(71, 31, 71, 1, 37, 'Dilhan', '2022-11-20 03:27:08'),
(72, 32, 72, 1, 37, 'Dilhan', '2022-11-20 03:30:52'),
(73, 41, 98, 1, 37, 'Dilhan', '2022-11-20 11:07:29'),
(74, 51, 125, 1, 37, 'Dilhan', '2022-11-20 12:43:49'),
(75, 51, 124, 1, 45, 'Dilhan', '2022-11-20 12:44:52'),
(76, 52, 127, 1, 37, 'Dilhan', '2022-11-20 12:46:13'),
(77, 41, 99, 1, 45, 'Dilhan', '2022-11-20 12:47:10'),
(78, 52, 126, 1, 45, 'Dilhan', '2022-11-20 12:47:37'),
(79, 1, 29, 1, 37, 'Dilhan', '2022-11-22 10:06:01'),
(80, 2, 4, 1, 37, 'Dilhan', '2022-11-22 10:06:24'),
(81, 53, 129, 1, 37, 'Dilhan', '2022-11-22 10:43:58'),
(82, 54, 132, 1, 37, 'Dilhan', '2022-11-22 10:44:06'),
(83, 53, 128, 1, 45, 'Dilhan', '2022-11-22 15:33:08'),
(84, 46, 113, 1, 37, 'Dilhan', '2022-11-25 05:47:15'),
(85, 55, 138, 1, 37, 'Dilhan', '2022-11-25 05:51:23'),
(86, 56, 136, 1, 37, 'Dilhan', '2022-11-25 05:51:34'),
(87, 57, 140, 1, 37, 'Dilhan', '2022-11-25 06:45:13'),
(88, 58, 143, 1, 37, 'Dilhan', '2022-11-25 06:45:34'),
(89, 59, 145, 1, 37, 'Dilhan', '2022-11-25 07:10:02'),
(90, 60, 148, 1, 37, 'Dilhan', '2022-11-25 07:10:10'),
(91, 61, 151, 1, 37, 'Dilhan', '2022-11-25 09:17:09'),
(92, 62, 152, 1, 37, 'Dilhan', '2022-11-25 09:17:16'),
(93, 63, 154, 1, 53, 'Thilantha', '2022-11-25 11:13:35'),
(94, 64, 157, 1, 53, 'Thilantha', '2022-11-25 11:14:03'),
(95, 65, 161, 1, 53, 'Thilantha', '2022-11-25 11:14:18'),
(96, 66, 162, 1, 37, 'Dilhan', '2022-11-26 04:55:29'),
(97, 67, 165, 1, 37, 'Dilhan', '2022-11-26 04:55:48'),
(98, 68, 169, 1, 37, 'Dilhan', '2022-11-26 04:55:57'),
(99, 69, 170, 1, 55, 'prageeth', '2023-02-17 06:12:57'),
(100, 70, 173, 1, 55, 'prageeth', '2023-02-17 06:13:39');

--
-- Triggers `vote_log`
--
DELIMITER $$
CREATE TRIGGER `new_vote` AFTER INSERT ON `vote_log` FOR EACH ROW UPDATE poll_answers
       SET point_count = point_count + new.vote
       WHERE id = new.answer_id
$$
DELIMITER ;

--
-- Indexes for dumped tables
--

--
-- Indexes for table `additionaldata`
--
ALTER TABLE `additionaldata`
  ADD PRIMARY KEY (`idadditionaldata`),
  ADD UNIQUE KEY `iduersfk` (`idusers`);

--
-- Indexes for table `comments`
--
ALTER TABLE `comments`
  ADD PRIMARY KEY (`commentid`);

--
-- Indexes for table `election`
--
ALTER TABLE `election`
  ADD PRIMARY KEY (`id`);

--
-- Indexes for table `government_citizen_database`
--
ALTER TABLE `government_citizen_database`
  ADD PRIMARY KEY (`id`);

--
-- Indexes for table `log`
--
ALTER TABLE `log`
  ADD PRIMARY KEY (`idlog`);

--
-- Indexes for table `otp_code`
--
ALTER TABLE `otp_code`
  ADD PRIMARY KEY (`id`);

--
-- Indexes for table `poll`
--
ALTER TABLE `poll`
  ADD PRIMARY KEY (`id`);

--
-- Indexes for table `poll_answers`
--
ALTER TABLE `poll_answers`
  ADD PRIMARY KEY (`id`);

--
-- Indexes for table `users`
--
ALTER TABLE `users`
  ADD PRIMARY KEY (`idusers`);

--
-- Indexes for table `vote_log`
--
ALTER TABLE `vote_log`
  ADD PRIMARY KEY (`id`);

--
-- AUTO_INCREMENT for dumped tables
--

--
-- AUTO_INCREMENT for table `additionaldata`
--
ALTER TABLE `additionaldata`
  MODIFY `idadditionaldata` int(11) NOT NULL AUTO_INCREMENT, AUTO_INCREMENT=19;

--
-- AUTO_INCREMENT for table `comments`
--
ALTER TABLE `comments`
  MODIFY `commentid` int(11) NOT NULL AUTO_INCREMENT, AUTO_INCREMENT=31;

--
-- AUTO_INCREMENT for table `election`
--
ALTER TABLE `election`
  MODIFY `id` int(11) NOT NULL AUTO_INCREMENT, AUTO_INCREMENT=37;

--
-- AUTO_INCREMENT for table `government_citizen_database`
--
ALTER TABLE `government_citizen_database`
  MODIFY `id` int(11) NOT NULL AUTO_INCREMENT, AUTO_INCREMENT=24;

--
-- AUTO_INCREMENT for table `log`
--
ALTER TABLE `log`
  MODIFY `idlog` int(11) NOT NULL AUTO_INCREMENT;

--
-- AUTO_INCREMENT for table `otp_code`
--
ALTER TABLE `otp_code`
  MODIFY `id` int(11) NOT NULL AUTO_INCREMENT, AUTO_INCREMENT=351;

--
-- AUTO_INCREMENT for table `poll`
--
ALTER TABLE `poll`
  MODIFY `id` int(11) NOT NULL AUTO_INCREMENT, AUTO_INCREMENT=71;

--
-- AUTO_INCREMENT for table `poll_answers`
--
ALTER TABLE `poll_answers`
  MODIFY `id` int(11) NOT NULL AUTO_INCREMENT, AUTO_INCREMENT=175;

--
-- AUTO_INCREMENT for table `users`
--
ALTER TABLE `users`
  MODIFY `idusers` int(11) NOT NULL AUTO_INCREMENT, AUTO_INCREMENT=56;

--
-- AUTO_INCREMENT for table `vote_log`
--
ALTER TABLE `vote_log`
  MODIFY `id` int(11) NOT NULL AUTO_INCREMENT, AUTO_INCREMENT=101;

--
-- Constraints for dumped tables
--

--
-- Constraints for table `additionaldata`
--
ALTER TABLE `additionaldata`
  ADD CONSTRAINT `additionaldata_ibfk_1` FOREIGN KEY (`idusers`) REFERENCES `users` (`idusers`);
COMMIT;

/*!40101 SET CHARACTER_SET_CLIENT=@OLD_CHARACTER_SET_CLIENT */;
/*!40101 SET CHARACTER_SET_RESULTS=@OLD_CHARACTER_SET_RESULTS */;
/*!40101 SET COLLATION_CONNECTION=@OLD_COLLATION_CONNECTION */;
